{
	"format_version": "1.21.6",
	"credit": "Made with Blockbench",
	"textures": {
		"0": "vantage:item/posters/1",
		"particle": "vantage:item/posters/1"
	},
	"elements": [
		{
			"from": [4.5, 0, 8],
			"to": [12.5, 16, 8],
			"rotation": {"angle": 0, "axis": "y", "origin": [4.5, 0, 8]},
			"faces": {
				"north": {"uv": [0, 2.28125, 16, 13.54688], "rotation": 90, "texture": "#0"},
				"east": {"uv": [0, 0, 0, 16], "texture": "#missing"},
				"south": {"uv": [0, 2.375, 16, 13.54688], "rotation": 90, "texture": "#0"},
				"west": {"uv": [0, 0, 0, 16], "texture": "#missing"},
				"up": {"uv": [0, 0, 8, 0], "texture": "#missing"},
				"down": {"uv": [0, 0, 8, 0], "texture": "#missing"}
			}
		}
	]
}