{
    "model": {
        "type": "minecraft:range_dispatch",
        "property": "minecraft:custom_model_data",
        "entries": [
            {
                "threshold": 101,
                "model": {
                    "type": "minecraft:model",
                    "model": "vantage:item/posters/1"
                }
            },
            {
                "threshold": 201,
                "model": {
                    "type": "minecraft:model",
                    "model": "vantage:item/props/shelf/1"
                }
            },
            {
                "threshold": 301,
                "model": {
                    "type": "minecraft:model",
                    "model": "vantage:item/props/belt_cover/1"
                }
            },
            {
                "threshold": 310,
                "model": {
                    "type": "minecraft:model",
                    "model": "vantage:item/props/belt_cover/conveyor_dispenser"
                }
            },
            {
                "threshold": 401,
                "model": {
                    "type": "minecraft:model",
                    "model": "vantage:item/props/lights/red_warning_light"
                }
            },
            {
                "threshold": 501,
                "model": {
                    "type": "minecraft:model",
                    "model": "vantage:item/props/railings/safety_railings_pillar"
                }
            },
            {
                "threshold": 502,
                "model": {
                    "type": "minecraft:model",
                    "model": "vantage:item/props/railings/safety_railings"
                }
            },
            {
                "threshold": 503,
                "model": {
                    "type": "minecraft:model",
                    "model": "vantage:item/props/railings/safety_railings_mid_part"
                }
            }
        ]
    },
    "hand_animation_on_swap": false
}