{
	"format_version": "1.21.6",
	"credit": "Made with Blockbench",
	"texture_size": [32, 32],
	"textures": {
		"3": "vantage:item/props/belt_cover/main",
		"particle": "block/black_concrete_powder"
	},
	"elements": [
		{
			"from": [14.5, 0, 8],
			"to": [16.5, 16, 8.5],
			"rotation": {"angle": 0, "axis": "y", "origin": [14.5, 0, 8]},
			"faces": {
				"north": {"uv": [0, 3.5, 1, 11.5], "texture": "#3"},
				"east": {"uv": [1, 3.5, 1.5, 11.5], "texture": "#3"},
				"south": {"uv": [0, 3.5, 1, 11.5], "texture": "#3"},
				"west": {"uv": [1, 3.5, 1.5, 11.5], "texture": "#3"},
				"up": {"uv": [3.5, 4, 2.5, 3.5], "texture": "#3"},
				"down": {"uv": [2.5, 3.5, 3.5, 4], "texture": "#3"}
			}
		},
		{
			"from": [14.5, 16, 8],
			"to": [16.5, 31.8, 8.5],
			"rotation": {"angle": 0, "axis": "y", "origin": [14.5, 16, 8]},
			"faces": {
				"north": {"uv": [0, 3.5, 1, 11.5], "texture": "#3"},
				"east": {"uv": [1, 3.5, 1.5, 11.5], "texture": "#3"},
				"south": {"uv": [0, 3.5, 1, 11.5], "texture": "#3"},
				"west": {"uv": [1, 3.5, 1.5, 11.5], "texture": "#3"},
				"up": {"uv": [2.5, 3.5, 3.5, 4], "texture": "#3"},
				"down": {"uv": [2.5, 3.5, 3.5, 4], "texture": "#3"}
			}
		},
		{
			"from": [11.5, 16, 8],
			"to": [13.5, 31.8, 8.5],
			"rotation": {"angle": 0, "axis": "y", "origin": [11.5, 16, 8]},
			"faces": {
				"north": {"uv": [0, 3.5, 1, 11.5], "texture": "#3"},
				"east": {"uv": [1, 3.5, 1.5, 11.5], "texture": "#3"},
				"south": {"uv": [0, 3.5, 1, 11.5], "texture": "#3"},
				"west": {"uv": [1, 3.5, 1.5, 11.5], "texture": "#3"},
				"up": {"uv": [2.5, 3.5, 3.5, 4], "texture": "#3"},
				"down": {"uv": [2.5, 3.5, 3.5, 4], "texture": "#3"}
			}
		},
		{
			"from": [11.5, 0, 8],
			"to": [13.5, 16, 8.5],
			"rotation": {"angle": 0, "axis": "y", "origin": [11.5, 0, 8]},
			"faces": {
				"north": {"uv": [0, 3.5, 1, 11.5], "texture": "#3"},
				"east": {"uv": [1, 3.5, 1.5, 11.5], "texture": "#3"},
				"south": {"uv": [0, 3.5, 1, 11.5], "texture": "#3"},
				"west": {"uv": [1, 3.5, 1.5, 11.5], "texture": "#3"},
				"up": {"uv": [2.5, 3.5, 3.5, 4], "texture": "#3"},
				"down": {"uv": [2.5, 3.5, 3.5, 4], "texture": "#3"}
			}
		},
		{
			"from": [8.5, 16, 8],
			"to": [10.5, 31.8, 8.5],
			"rotation": {"angle": 0, "axis": "y", "origin": [8.5, 16, 8]},
			"faces": {
				"north": {"uv": [0, 3.5, 1, 11.5], "texture": "#3"},
				"east": {"uv": [1, 3.5, 1.5, 11.5], "texture": "#3"},
				"south": {"uv": [0, 3.5, 1, 11.5], "texture": "#3"},
				"west": {"uv": [1, 3.5, 1.5, 11.5], "texture": "#3"},
				"up": {"uv": [2.5, 3.5, 3.5, 4], "texture": "#3"},
				"down": {"uv": [2.5, 3.5, 3.5, 4], "texture": "#3"}
			}
		},
		{
			"from": [8.5, 0, 8],
			"to": [10.5, 16, 8.5],
			"rotation": {"angle": 0, "axis": "y", "origin": [8.5, 0, 8]},
			"faces": {
				"north": {"uv": [0, 3.5, 1, 11.5], "texture": "#3"},
				"east": {"uv": [1, 3.5, 1.5, 11.5], "texture": "#3"},
				"south": {"uv": [0, 3.5, 1, 11.5], "texture": "#3"},
				"west": {"uv": [1, 3.5, 1.5, 11.5], "texture": "#3"},
				"up": {"uv": [2.5, 3.5, 3.5, 4], "texture": "#3"},
				"down": {"uv": [2.5, 3.5, 3.5, 4], "texture": "#3"}
			}
		},
		{
			"from": [5.5, 16, 8],
			"to": [7.5, 31.8, 8.5],
			"rotation": {"angle": 0, "axis": "y", "origin": [5.5, 16, 8]},
			"faces": {
				"north": {"uv": [0, 3.5, 1, 11.5], "texture": "#3"},
				"east": {"uv": [1, 3.5, 1.5, 11.5], "texture": "#3"},
				"south": {"uv": [0, 3.5, 1, 11.5], "texture": "#3"},
				"west": {"uv": [1, 3.5, 1.5, 11.5], "texture": "#3"},
				"up": {"uv": [2.5, 3.5, 3.5, 4], "texture": "#3"},
				"down": {"uv": [2.5, 3.5, 3.5, 4], "texture": "#3"}
			}
		},
		{
			"from": [5.5, 0, 8],
			"to": [7.5, 16, 8.5],
			"rotation": {"angle": 0, "axis": "y", "origin": [5.5, 0, 8]},
			"faces": {
				"north": {"uv": [0, 3.5, 1, 11.5], "texture": "#3"},
				"east": {"uv": [1, 3.5, 1.5, 11.5], "texture": "#3"},
				"south": {"uv": [0, 3.5, 1, 11.5], "texture": "#3"},
				"west": {"uv": [1, 3.5, 1.5, 11.5], "texture": "#3"},
				"up": {"uv": [2.5, 3.5, 3.5, 4], "texture": "#3"},
				"down": {"uv": [2.5, 3.5, 3.5, 4], "texture": "#3"}
			}
		},
		{
			"from": [2.5, 16, 8],
			"to": [4.5, 31.8, 8.5],
			"rotation": {"angle": 0, "axis": "y", "origin": [2.5, 16, 8]},
			"faces": {
				"north": {"uv": [0, 3.5, 1, 11.5], "texture": "#3"},
				"east": {"uv": [1, 3.5, 1.5, 11.5], "texture": "#3"},
				"south": {"uv": [0, 3.5, 1, 11.5], "texture": "#3"},
				"west": {"uv": [1, 3.5, 1.5, 11.5], "texture": "#3"},
				"up": {"uv": [2.5, 3.5, 3.5, 4], "texture": "#3"},
				"down": {"uv": [2.5, 3.5, 3.5, 4], "texture": "#3"}
			}
		},
		{
			"from": [2.5, 0, 8],
			"to": [4.5, 16, 8.5],
			"rotation": {"angle": 0, "axis": "y", "origin": [2.5, 0, 8]},
			"faces": {
				"north": {"uv": [0, 3.5, 1, 11.5], "texture": "#3"},
				"east": {"uv": [1, 3.5, 1.5, 11.5], "texture": "#3"},
				"south": {"uv": [0, 3.5, 1, 11.5], "texture": "#3"},
				"west": {"uv": [1, 3.5, 1.5, 11.5], "texture": "#3"},
				"up": {"uv": [2.5, 3.5, 3.5, 4], "texture": "#3"},
				"down": {"uv": [2.5, 3.5, 3.5, 4], "texture": "#3"}
			}
		},
		{
			"from": [-0.5, 16, 8],
			"to": [1.5, 31.8, 8.5],
			"rotation": {"angle": 0, "axis": "y", "origin": [-0.5, 16, 8]},
			"faces": {
				"north": {"uv": [0, 3.5, 1, 11.5], "texture": "#3"},
				"east": {"uv": [1, 3.5, 1.5, 11.5], "texture": "#3"},
				"south": {"uv": [0, 3.5, 1, 11.5], "texture": "#3"},
				"west": {"uv": [1, 3.5, 1.5, 11.5], "texture": "#3"},
				"up": {"uv": [2.5, 3.5, 3.5, 4], "texture": "#3"},
				"down": {"uv": [2.5, 3.5, 3.5, 4], "texture": "#3"}
			}
		},
		{
			"from": [-0.5, 0, 8],
			"to": [1.5, 16, 8.5],
			"rotation": {"angle": 0, "axis": "y", "origin": [-0.5, 0, 8]},
			"faces": {
				"north": {"uv": [0, 3.5, 1, 11.5], "texture": "#3"},
				"east": {"uv": [1, 3.5, 1.5, 11.5], "texture": "#3"},
				"south": {"uv": [0, 3.5, 1, 11.5], "texture": "#3"},
				"west": {"uv": [1, 3.5, 1.5, 11.5], "texture": "#3"},
				"up": {"uv": [2.5, 3.5, 3.5, 4], "texture": "#3"},
				"down": {"uv": [2.5, 3.5, 3.5, 4], "texture": "#3"}
			}
		},
		{
			"from": [-1, 27.5, 7.3],
			"to": [17, 32, 9.3],
			"rotation": {"angle": 0, "axis": "y", "origin": [-1, 30, 7.3]},
			"faces": {
				"north": {"uv": [0, 0, 9, 2.5], "texture": "#3"},
				"east": {"uv": [1.5, 3.5, 2.5, 6], "texture": "#3"},
				"south": {"uv": [0, 0, 9, 2.5], "texture": "#3"},
				"west": {"uv": [1.5, 3.5, 2.5, 6], "texture": "#3"},
				"up": {"uv": [9, 3.5, 0, 2.5], "texture": "#3"},
				"down": {"uv": [9, 2.5, 0, 3.5], "texture": "#3"}
			}
		}
	],
	"groups": [
		{
			"name": "conveyor",
			"origin": [8, 8, 8],
			"color": 0,
			"children": [0, 1, 2, 3, 4, 5, 6, 7, 8, 9, 10, 11, 12]
		}
	]
}