{
	"format_version": "1.21.6",
	"credit": "Made with Blockbench",
	"textures": {
		"0": "vantage:item/props/belt_cover/main",
		"particle": "vantage:item/props/belt_cover/main"
	},
	"elements": [
		{
			"from": [-1.97367, -1.48316, 12.2],
			"to": [1.52633, 10.41684, 13.6],
			"rotation": {"angle": -7.5, "axis": "z", "origin": [8, 0, 8]},
			"faces": {
				"north": {"uv": [0, 0, 9, 3.5], "rotation": 90, "texture": "#0"},
				"east": {"uv": [3.5, 3.5, 12.5, 5], "rotation": 90, "texture": "#0"},
				"south": {"uv": [0, 0, 9, 3.5], "rotation": 90, "texture": "#0"},
				"west": {"uv": [3.5, 3.5, 12.5, 5], "rotation": 90, "texture": "#0"},
				"up": {"uv": [1.5, 3.5, 2.5, 6], "rotation": 90, "texture": "#0"},
				"down": {"uv": [1.5, 3.5, 2.5, 6], "rotation": 270, "texture": "#0"}
			}
		},
		{
			"from": [-1.97367, 9.01684, 3.8],
			"to": [1.52633, 10.41684, 12.2],
			"rotation": {"angle": -7.5, "axis": "z", "origin": [8, 0, 8]},
			"faces": {
				"north": {"uv": [0, 0, 5, 2], "texture": "#0"},
				"east": {"uv": [3.5, 3.5, 12.5, 5], "texture": "#0"},
				"south": {"uv": [0, 0, 5, 2], "texture": "#0"},
				"west": {"uv": [3.5, 3.5, 12.5, 5], "texture": "#0"},
				"up": {"uv": [0, 0, 9, 3.5], "rotation": 90, "texture": "#0"},
				"down": {"uv": [0, 0, 9, 3.5], "rotation": 270, "texture": "#0"}
			}
		},
		{
			"from": [-1.97367, -1.48316, 2.4],
			"to": [1.52633, 10.41684, 3.8],
			"rotation": {"angle": -7.5, "axis": "z", "origin": [8, 0, 8]},
			"faces": {
				"north": {"uv": [0, 0, 9, 3.5], "rotation": 90, "texture": "#0"},
				"east": {"uv": [3.5, 3.5, 12.5, 5], "rotation": 90, "texture": "#0"},
				"south": {"uv": [0, 0, 9, 3.5], "rotation": 90, "texture": "#0"},
				"west": {"uv": [3.5, 3.5, 12.5, 5], "rotation": 90, "texture": "#0"},
				"up": {"uv": [1.5, 3.5, 2.5, 6], "rotation": 90, "texture": "#0"},
				"down": {"uv": [1.5, 3.5, 2.5, 6], "rotation": 270, "texture": "#0"}
			}
		},
		{
			"from": [2.175, 0, 4.325],
			"to": [2.175, 9.8, 5.725],
			"rotation": {"angle": 0, "axis": "y", "origin": [8, 0, 8]},
			"faces": {
				"east": {"uv": [0, 3.5, 1.5, 11.5], "texture": "#0"},
				"west": {"uv": [0, 3.5, 1.5, 11.5], "texture": "#0"}
			}
		},
		{
			"from": [2.175, 0, 6.425],
			"to": [2.175, 9.8, 7.825],
			"rotation": {"angle": 0, "axis": "y", "origin": [8, 0, 8]},
			"faces": {
				"east": {"uv": [0, 3.5, 1.5, 11.5], "texture": "#0"},
				"west": {"uv": [0, 3.5, 1.5, 11.5], "texture": "#0"}
			}
		},
		{
			"from": [2.175, 0, 8.525],
			"to": [2.175, 9.8, 9.925],
			"rotation": {"angle": 0, "axis": "y", "origin": [8, 0, 8]},
			"faces": {
				"east": {"uv": [0, 3.5, 1.5, 11.5], "texture": "#0"},
				"west": {"uv": [0, 3.5, 1.5, 11.5], "texture": "#0"}
			}
		},
		{
			"from": [2.175, 0, 10.45],
			"to": [2.175, 9.8, 11.85],
			"rotation": {"angle": 0, "axis": "y", "origin": [8, 0, 8]},
			"faces": {
				"east": {"uv": [0, 3.5, 1.5, 11.5], "texture": "#0"},
				"west": {"uv": [0, 3.5, 1.5, 11.5], "texture": "#0"}
			}
		},
		{
			"from": [0.25, 0, 3.8],
			"to": [0.25, 10.5, 12.2],
			"rotation": {"angle": 0, "axis": "y", "origin": [8, 0, 8]},
			"faces": {
				"east": {"uv": [9, 0, 12.5, 3.5], "texture": "#0"}
			}
		}
	],
	"display": {
		"gui": {
			"rotation": [0, -120, 0],
			"translation": [-3.25, 1.75, 0]
		}
	}
}