{
	"format_version": "1.21.6",
	"credit": "Made with Blockbench",
	"textures": {
		"0": "block/stripped_oak_log",
		"1": "block/oak_planks",
		"particle": "block/stripped_oak_log"
	},
	"elements": [
		{
			"from": [0, 0, 0],
			"to": [2, 16, 2],
			"faces": {
				"north": {"uv": [0, 0, 2, 16], "texture": "#1", "cullface": "north"},
				"east": {"uv": [0, 0, 2, 16], "texture": "#1"},
				"south": {"uv": [0, 0, 2, 16], "texture": "#1"},
				"west": {"uv": [0, 0, 2, 16], "texture": "#1", "cullface": "west"},
				"up": {"uv": [0, 0, 2, 2], "texture": "#1", "cullface": "up"},
				"down": {"uv": [0, 0, 2, 2], "texture": "#1", "cullface": "down"}
			}
		},
		{
			"from": [0, 0, 14],
			"to": [2, 16, 16],
			"rotation": {"angle": 0, "axis": "y", "origin": [0, 0, 14]},
			"faces": {
				"north": {"uv": [0, 0, 2, 16], "texture": "#1"},
				"east": {"uv": [0, 0, 2, 16], "texture": "#1"},
				"south": {"uv": [0, 0, 2, 16], "texture": "#1", "cullface": "south"},
				"west": {"uv": [0, 0, 2, 16], "texture": "#1", "cullface": "west"},
				"up": {"uv": [0, 0, 2, 2], "texture": "#1", "cullface": "up"},
				"down": {"uv": [0, 0, 2, 2], "texture": "#1", "cullface": "down"}
			}
		},
		{
			"from": [14, 0, 14],
			"to": [16, 16, 16],
			"rotation": {"angle": 0, "axis": "y", "origin": [14, 0, 14]},
			"faces": {
				"north": {"uv": [0, 0, 2, 16], "texture": "#1"},
				"east": {"uv": [0, 0, 2, 16], "texture": "#1", "cullface": "east"},
				"south": {"uv": [0, 0, 2, 16], "texture": "#1", "cullface": "south"},
				"west": {"uv": [0, 0, 2, 16], "texture": "#1"},
				"up": {"uv": [0, 0, 2, 2], "texture": "#1", "cullface": "up"},
				"down": {"uv": [0, 0, 2, 2], "texture": "#1", "cullface": "down"}
			}
		},
		{
			"from": [15, 0, 2],
			"to": [16, 2, 14],
			"rotation": {"angle": 0, "axis": "y", "origin": [14, 0, 12]},
			"faces": {
				"east": {"uv": [0, 0, 12, 2], "texture": "#1", "cullface": "east"},
				"up": {"uv": [0, 0, 1, 12], "texture": "#1"},
				"down": {"uv": [0, 0, 1, 12], "texture": "#1", "cullface": "down"}
			}
		},
		{
			"from": [0, 0, 2],
			"to": [1, 2, 14],
			"rotation": {"angle": 0, "axis": "y", "origin": [0, 0, 12]},
			"faces": {
				"west": {"uv": [0, 0, 12, 2], "texture": "#1", "cullface": "west"},
				"up": {"uv": [0, 0, 1, 12], "texture": "#1"},
				"down": {"uv": [0, 0, 1, 12], "texture": "#1", "cullface": "down"}
			}
		},
		{
			"from": [1, 0, 2],
			"to": [15, 16, 14],
			"rotation": {"angle": 0, "axis": "y", "origin": [1, 0, 12]},
			"faces": {
				"east": {"uv": [0, 0, 12, 16], "texture": "#0"},
				"west": {"uv": [0, 0, 12, 16], "texture": "#0"},
				"up": {"uv": [0, 0, 14, 12], "texture": "#0", "cullface": "up"},
				"down": {"uv": [0, 0, 14, 12], "texture": "#0", "cullface": "down"}
			}
		},
		{
			"from": [2, 0, 0],
			"to": [14, 2, 1],
			"rotation": {"angle": 0, "axis": "y", "origin": [4, 0, 0]},
			"faces": {
				"north": {"uv": [0, 0, 12, 2], "texture": "#1", "cullface": "north"},
				"up": {"uv": [0, 0, 1, 12], "rotation": 90, "texture": "#1"},
				"down": {"uv": [0, 0, 1, 12], "rotation": 270, "texture": "#1", "cullface": "down"}
			}
		},
		{
			"from": [2, 0, 15],
			"to": [14, 2, 16],
			"rotation": {"angle": 0, "axis": "y", "origin": [4, 0, 14]},
			"faces": {
				"south": {"uv": [0, 0, 12, 2], "texture": "#1", "cullface": "south"},
				"up": {"uv": [0, 0, 1, 12], "rotation": 90, "texture": "#1"},
				"down": {"uv": [0, 0, 1, 12], "rotation": 270, "texture": "#1", "cullface": "down"}
			}
		},
		{
			"from": [-2.5, 5, 14.5],
			"to": [16.5, 7, 15.5],
			"rotation": {"angle": -45, "axis": "z", "origin": [10.5, 5.9, 15.2]},
			"faces": {
				"north": {"uv": [0, 0, 16, 2], "texture": "#missing"},
				"south": {"uv": [0, 0, 16, 2], "texture": "#1"},
				"up": {"uv": [0, 0, 1, 16], "rotation": 90, "texture": "#1"},
				"down": {"uv": [0, 0, 1, 16], "rotation": 270, "texture": "#1"}
			}
		},
		{
			"from": [0.7, 4.5, -2.6],
			"to": [1.7, 6.5, 16.4],
			"rotation": {"angle": 45, "axis": "x", "origin": [1, 5.4, 10.4]},
			"faces": {
				"east": {"uv": [0, 0, 16, 2], "texture": "#1"},
				"west": {"uv": [0, 0, 16, 2], "texture": "#1"},
				"up": {"uv": [0, 0, 1, 16], "rotation": 180, "texture": "#1"},
				"down": {"uv": [0, 0, 1, 16], "rotation": 180, "texture": "#1"}
			}
		},
		{
			"from": [14.7, 4.5, -2.6],
			"to": [15.7, 6.5, 16.4],
			"rotation": {"angle": 45, "axis": "x", "origin": [15, 5.4, 10.4]},
			"faces": {
				"east": {"uv": [0, 0, 16, 2], "texture": "#1"},
				"west": {"uv": [0, 0, 16, 2], "texture": "#1"},
				"up": {"uv": [0, 0, 1, 16], "rotation": 180, "texture": "#1"},
				"down": {"uv": [0, 0, 1, 16], "rotation": 180, "texture": "#1"}
			}
		},
		{
			"from": [-2.5, 5, 0.5],
			"to": [16.5, 7, 1.5],
			"rotation": {"angle": -45, "axis": "z", "origin": [10.5, 5.9, 1.2]},
			"faces": {
				"north": {"uv": [0, 0, 16, 2], "texture": "#1"},
				"south": {"uv": [0, 0, 16, 2], "texture": "#1"},
				"up": {"uv": [0, 0, 1, 16], "rotation": 90, "texture": "#1"},
				"down": {"uv": [0, 0, 1, 16], "rotation": 270, "texture": "#1"}
			}
		},
		{
			"from": [2, 0, 14],
			"to": [14, 16, 15],
			"rotation": {"angle": 0, "axis": "y", "origin": [4, 0, 13]},
			"faces": {
				"south": {"uv": [0, 0, 12, 16], "texture": "#0"},
				"up": {"uv": [0, 0, 1, 12], "rotation": 90, "texture": "#0", "cullface": "up"},
				"down": {"uv": [0, 0, 1, 12], "rotation": 270, "texture": "#0", "cullface": "down"}
			}
		},
		{
			"from": [2, 0, 1],
			"to": [14, 16, 2],
			"rotation": {"angle": 0, "axis": "y", "origin": [4, 0, 0]},
			"faces": {
				"north": {"uv": [0, 0, 12, 16], "texture": "#0"},
				"up": {"uv": [0, 0, 1, 12], "rotation": 90, "texture": "#0", "cullface": "up"},
				"down": {"uv": [0, 0, 1, 12], "rotation": 270, "texture": "#0", "cullface": "down"}
			}
		},
		{
			"from": [2, 14, 15],
			"to": [14, 16, 16],
			"rotation": {"angle": 0, "axis": "y", "origin": [4, 14, 14]},
			"faces": {
				"south": {"uv": [0, 0, 12, 2], "texture": "#1", "cullface": "south"},
				"up": {"uv": [0, 0, 1, 12], "rotation": 90, "texture": "#1", "cullface": "up"},
				"down": {"uv": [0, 0, 1, 12], "rotation": 270, "texture": "#1"}
			}
		},
		{
			"from": [0, 14, 2],
			"to": [1, 16, 14],
			"rotation": {"angle": 0, "axis": "y", "origin": [0, 14, 12]},
			"faces": {
				"west": {"uv": [0, 0, 12, 2], "texture": "#1", "cullface": "west"},
				"up": {"uv": [0, 0, 1, 12], "texture": "#1", "cullface": "up"},
				"down": {"uv": [0, 0, 1, 12], "texture": "#1"}
			}
		},
		{
			"from": [2, 14, 0],
			"to": [14, 16, 1],
			"rotation": {"angle": 0, "axis": "y", "origin": [4, 14, 0]},
			"faces": {
				"north": {"uv": [0, 0, 12, 2], "texture": "#1", "cullface": "north"},
				"up": {"uv": [0, 0, 1, 12], "rotation": 90, "texture": "#1", "cullface": "up"},
				"down": {"uv": [0, 0, 1, 12], "rotation": 270, "texture": "#1"}
			}
		},
		{
			"from": [15, 14, 2],
			"to": [16, 16, 14],
			"rotation": {"angle": 0, "axis": "y", "origin": [14, 14, 12]},
			"faces": {
				"east": {"uv": [0, 0, 12, 2], "texture": "#1", "cullface": "east"},
				"up": {"uv": [0, 0, 1, 12], "texture": "#1", "cullface": "up"},
				"down": {"uv": [0, 0, 1, 12], "texture": "#1"}
			}
		},
		{
			"from": [14, 0, 0],
			"to": [16, 16, 2],
			"rotation": {"angle": 0, "axis": "y", "origin": [14, 0, 0]},
			"faces": {
				"north": {"uv": [0, 0, 2, 16], "texture": "#1", "cullface": "north"},
				"east": {"uv": [0, 0, 2, 16], "texture": "#1", "cullface": "east"},
				"south": {"uv": [0, 0, 2, 16], "texture": "#1"},
				"west": {"uv": [0, 0, 2, 16], "texture": "#1"},
				"up": {"uv": [0, 0, 2, 2], "texture": "#1", "cullface": "up"},
				"down": {"uv": [0, 0, 2, 2], "texture": "#1", "cullface": "down"}
			}
		}
	],
	"display": {
		"thirdperson_righthand": {
			"scale": [0.5, 0.5, 0.5]
		},
		"thirdperson_lefthand": {
			"scale": [0.5, 0.5, 0.5]
		},
		"firstperson_righthand": {
			"scale": [0.5, 0.5, 0.5]
		},
		"firstperson_lefthand": {
			"scale": [0.5, 0.5, 0.5]
		},
		"ground": {
			"scale": [0.5, 0.5, 0.5]
		},
		"gui": {
			"rotation": [27.73, 48.19, -24.73],
			"scale": [0.5, 0.5, 0.5]
		}
	}
}