{
	"format_version": "1.21.6",
	"credit": "Made with Blockbench",
	"texture_size": [64, 64],
	"textures": {
		"4": "vantage:item/props/cardboard_box/main",
		"particle": "vantage:item/props/cardboard_box/5"
	},
	"elements": [
		{
			"from": [0, 0, 0],
			"to": [0.5, 16, 16],
			"faces": {
				"east": {"uv": [0, 0, 4, 4], "texture": "#4"},
				"west": {"uv": [0, 4, 4, 8], "texture": "#4", "cullface": "west"}
			}
		},
		{
			"from": [0, 0, 0],
			"to": [16, 16, 0.5],
			"rotation": {"angle": 0, "axis": "y", "origin": [16, 0, 0]},
			"faces": {
				"north": {"uv": [4, 0, 8, 4], "texture": "#4", "cullface": "north"},
				"south": {"uv": [0, 0, 4, 4], "texture": "#4"}
			}
		},
		{
			"from": [0, 0, 15.5],
			"to": [16, 16, 16],
			"rotation": {"angle": 0, "axis": "y", "origin": [16, 0, 16]},
			"faces": {
				"north": {"uv": [0, 0, 4, 4], "texture": "#4"},
				"south": {"uv": [0, 0, 4, 4], "texture": "#4", "cullface": "south"}
			}
		},
		{
			"from": [0, 0, 0],
			"to": [16, 0, 16],
			"rotation": {"angle": 0, "axis": "x", "origin": [16, 6.5, -0.4]},
			"faces": {
				"up": {"uv": [4, 4, 0, 0], "texture": "#4", "cullface": "down"},
				"down": {"uv": [4, 0, 0, 4], "texture": "#4", "cullface": "down"}
			}
		},
		{
			"from": [15.5, 0, 0],
			"to": [16, 16, 16],
			"rotation": {"angle": 0, "axis": "y", "origin": [15, 0, 0]},
			"faces": {
				"east": {"uv": [0, 4, 4, 8], "texture": "#4", "cullface": "east"},
				"west": {"uv": [0, 0, 4, 4], "texture": "#4"}
			}
		},
		{
			"from": [0, 15.5, 15.5],
			"to": [16, 16, 24],
			"rotation": {"angle": -30, "axis": "x", "origin": [0, 16, 15.5]},
			"faces": {
				"east": {"uv": [6.25, 4.5, 8.375, 4.625], "texture": "#4", "cullface": "east"},
				"south": {"uv": [6.25, 4, 10.25, 4.125], "texture": "#4", "cullface": "up"},
				"west": {"uv": [6.25, 4.5, 8.375, 4.625], "texture": "#4", "cullface": "west"},
				"up": {"uv": [6.125, 8, 4, 4], "texture": "#4", "cullface": "up"},
				"down": {"uv": [6.125, 4, 4, 8], "texture": "#4", "cullface": "south"}
			}
		},
		{
			"from": [0, 15.56699, -8.25],
			"to": [16, 16.06699, 0.25],
			"rotation": {"angle": 30, "axis": "x", "origin": [0, 15.56699, 0.25]},
			"faces": {
				"north": {"uv": [6.25, 4.25, 10.25, 4.375], "texture": "#4", "cullface": "north"},
				"east": {"uv": [6.25, 4.5, 8.375, 4.625], "texture": "#4", "cullface": "east"},
				"west": {"uv": [6.25, 4.5, 8.375, 4.625], "texture": "#4", "cullface": "west"},
				"up": {"uv": [6.125, 8, 4, 4], "texture": "#4", "cullface": "up"},
				"down": {"uv": [6.125, 4, 4, 8], "texture": "#4", "cullface": "north"}
			}
		},
		{
			"from": [-8, 15.5, 0],
			"to": [0.5, 16, 16],
			"rotation": {"angle": -30, "axis": "z", "origin": [0.5, 16, 0]},
			"faces": {
				"north": {"uv": [6.25, 4.5, 8.375, 4.625], "texture": "#4", "cullface": "north"},
				"south": {"uv": [6.25, 4.5, 8.375, 4.625], "texture": "#4", "cullface": "south"},
				"west": {"uv": [6.25, 4, 10.25, 4.125], "texture": "#4", "cullface": "west"},
				"up": {"uv": [6.125, 8, 4, 4], "texture": "#4", "cullface": "up"},
				"down": {"uv": [6.125, 4, 4, 8], "texture": "#4", "cullface": "west"}
			}
		},
		{
			"from": [15.75, 15.56699, 0],
			"to": [24.25, 16.06699, 16],
			"rotation": {"angle": 30, "axis": "z", "origin": [15.75, 15.56699, 0]},
			"faces": {
				"north": {"uv": [6.25, 4.5, 8.375, 4.625], "texture": "#4", "cullface": "north"},
				"east": {"uv": [6.25, 4.25, 10.25, 4.375], "texture": "#4", "cullface": "east"},
				"south": {"uv": [6.25, 4.5, 8.375, 4.625], "texture": "#4", "cullface": "south"},
				"up": {"uv": [6.125, 8, 4, 4], "texture": "#4", "cullface": "up"},
				"down": {"uv": [6.125, 4, 4, 8], "texture": "#4", "cullface": "east"}
			}
		}
	],
	"display": {
		"thirdperson_righthand": {
			"scale": [0.2, 0.2, 0.2]
		},
		"thirdperson_lefthand": {
			"scale": [0.2, 0.2, 0.2]
		},
		"firstperson_righthand": {
			"scale": [0.5, 0.5, 0.5]
		},
		"firstperson_lefthand": {
			"scale": [0.5, 0.5, 0.5]
		},
		"gui": {
			"rotation": [161.26, -47.76, 141.78],
			"scale": [0.5, 0.5, 0.5]
		}
	},
	"groups": [
		{
			"name": "box",
			"origin": [8, 8, 8],
			"color": 0,
			"children": [
				0,
				1,
				2,
				3,
				4,
				{
					"name": "covers",
					"origin": [0, 16, 15.5],
					"color": 0,
					"children": [
						{
							"name": "1",
							"origin": [0, 16, 15.5],
							"color": 0,
							"children": [5, 6]
						},
						{
							"name": "1",
							"origin": [0, 16, 15.5],
							"color": 0,
							"children": [7, 8]
						}
					]
				}
			]
		}
	]
}