{
	"format_version": "1.21.6",
	"credit": "Made with Blockbench",
	"textures": {
		"0": "vantage:item/belt/main1",
		"1": "minecraft:block/nether_bricks",
		"particle": "vantage:item/belt/main1"
	},
	"elements": [
		{
			"from": [0, 14, 0],
			"to": [16, 16, 16],
			"faces": {
				"north": {"uv": [0, 2.52632, 13.47368, 5.05263], "rotation": 180, "texture": "#0"},
				"east": {"uv": [0, 13.47368, 16, 16], "texture": "#0"},
				"south": {"uv": [0, 0.84211, 13.47368, 3.36842], "texture": "#0"},
				"west": {"uv": [16, 13.47368, 0, 16], "texture": "#0"},
				"up": {"uv": [0, 0, 13.47368, 13.47368], "texture": "#0"},
				"down": {"uv": [0, 0, 13.47368, 13.47368], "texture": "#0"}
			}
		},
		{
			"from": [0, 0, 0],
			"to": [16, 14, 16],
			"faces": {
				"north": {"uv": [0, 0, 16, 14], "texture": "#1"},
				"east": {"uv": [0, 0, 16, 14], "texture": "#1"},
				"south": {"uv": [0, 0, 16, 14], "texture": "#1"},
				"west": {"uv": [0, 0, 16, 14], "texture": "#1"},
				"up": {"uv": [0, 0, 16, 16], "texture": "#1"},
				"down": {"uv": [0, 0, 16, 16], "texture": "#1"}
			}
		}
	]
}