{
	"format_version": "1.21.6",
	"credit": "Made with Blockbench",
	"textures": {
		"1": "vantage:item/notes/note_background",
		"note": "vantage:item/notes/note_background",
		"particle": "vantage:item/notes/note_background"
	},
	"elements": [
		{
			"from": [3, 0, 8],
			"to": [13, 14, 8],
			"rotation": {"angle": 0, "axis": "y", "origin": [7, 0, 7]},
			"faces": {
				"north": {"uv": [0, 0, 11.29843, 16], "texture": "#1"},
				"south": {"uv": [0, 0, 10, 14], "texture": "#1"}
			}
		},
		{
			"from": [3, 0, 8.05],
			"to": [13, 14, 8.05],
			"rotation": {"angle": 0, "axis": "y", "origin": [7, 0, 7.05]},
			"faces": {
				"south": {"uv": [0, 0, 11.3089, 16], "texture": "#note"}
			}
		}
	],
	"display": {
		"thirdperson_righthand": {
			"translation": [0, 3, -0.25],
			"scale": [0.7, 0.7, 1]
		},
		"thirdperson_lefthand": {
			"rotation": [24, -12, 0],
			"translation": [-3.5, 8, 5.75],
			"scale": [0.7, 0.7, 1]
		},
		"firstperson_righthand": {
			"rotation": [-35, -55, 0],
			"translation": [0.5, 1.25, 0],
			"scale": [0.8, 0.8, 1]
		},
		"firstperson_lefthand": {
			"rotation": [-3, 3, -4],
			"translation": [-15.5, 9.5, 0]
		},
		"ground": {
			"rotation": [-69, -38, 0],
			"translation": [0, 0.5, 0],
			"scale": [0.7, 0.7, 1]
		},
		"gui": {
			"rotation": [-27, -24, -17],
			"translation": [0.25, 1, 0]
		}
	}
}