{
	"format_version": "1.21.6",
	"credit": "Made with Blockbench",
	"texture_size": [32, 32],
	"textures": {
		"0": "vantage:item/tools/gravity_gun/gravity_gun",
		"particle": "vantage:item/tools/gravity_gun/gravity_gun"
	},
	"elements": [
		{
			"from": [7, 7.8, 4.2],
			"to": [9, 9, 7.5],
			"rotation": {"angle": 0, "axis": "y", "origin": [7, 8, 2.5]},
			"faces": {
				"north": {"uv": [6.5, 7.5, 7.5, 8.125], "texture": "#0"},
				"east": {"uv": [7, 3, 8.625, 3.625], "texture": "#0"},
				"south": {"uv": [7.5, 6.5, 8.5, 7.125], "texture": "#0"},
				"west": {"uv": [0, 7.5, 1.625, 8.125], "texture": "#0"},
				"up": {"uv": [2.5, 1.625, 1.5, 0], "texture": "#0"},
				"down": {"uv": [2.5, 2, 1.5, 3.625], "texture": "#0"}
			}
		},
		{
			"from": [7.9, 9, 4.3],
			"to": [8.9, 10, 7.5],
			"rotation": {"angle": 0, "axis": "y", "origin": [7, 9, 2.5]},
			"faces": {
				"north": {"uv": [8.5, 5, 9, 5.5], "texture": "#0"},
				"east": {"uv": [7, 4, 8.625, 4.5], "texture": "#0"},
				"south": {"uv": [8.5, 5.5, 9, 6], "texture": "#0"},
				"west": {"uv": [4, 7.5, 5.625, 8], "texture": "#0"},
				"up": {"uv": [8, 6.125, 7.5, 4.5], "texture": "#0"},
				"down": {"uv": [6.5, 7.5, 6, 9.125], "texture": "#0"}
			}
		},
		{
			"from": [7.1, 9, 2.5],
			"to": [7.9, 9.1, 7.5],
			"rotation": {"angle": 0, "axis": "y", "origin": [6, 9, 2.5]},
			"faces": {
				"north": {"uv": [11.5, 12.5, 11.875, 12.5625], "texture": "#0"},
				"east": {"uv": [9.5, 4.5, 12, 4.5625], "texture": "#0"},
				"south": {"uv": [12.5, 11.5, 12.875, 11.5625], "texture": "#0"},
				"west": {"uv": [9.5, 5, 12, 5.0625], "texture": "#0"},
				"up": {"uv": [2.375, 10, 2, 7.5], "texture": "#0"},
				"down": {"uv": [2.875, 7.5, 2.5, 10], "texture": "#0"}
			}
		},
		{
			"from": [8.3, 9, 2.5],
			"to": [9.1, 9.1, 7.4],
			"rotation": {"angle": 0, "axis": "y", "origin": [7.2, 9, 2.5]},
			"faces": {
				"north": {"uv": [12, 12.5, 12.375, 12.5625], "texture": "#0"},
				"east": {"uv": [10, 2.5, 12.4375, 2.5625], "texture": "#0"},
				"south": {"uv": [12.5, 12, 12.875, 12.0625], "texture": "#0"},
				"west": {"uv": [3.5, 10, 5.9375, 10.0625], "texture": "#0"},
				"up": {"uv": [3.375, 9.9375, 3, 7.5], "texture": "#0"},
				"down": {"uv": [3.875, 7.5, 3.5, 9.9375], "texture": "#0"}
			}
		},
		{
			"from": [7.9, 10, 4.7],
			"to": [9, 10.1, 5],
			"rotation": {"angle": 0, "axis": "y", "origin": [6.8, 10, 2.5]},
			"faces": {
				"north": {"uv": [5.5, 12.5, 6.0625, 12.5625], "texture": "#0"},
				"east": {"uv": [13.5, 6.5, 13.625, 6.5625], "texture": "#0"},
				"south": {"uv": [12.5, 5.5, 13.0625, 5.5625], "texture": "#0"},
				"west": {"uv": [7, 13.5, 7.125, 13.5625], "texture": "#0"},
				"up": {"uv": [12.0625, 9.625, 11.5, 9.5], "texture": "#0"},
				"down": {"uv": [12.0625, 10, 11.5, 10.125], "texture": "#0"}
			}
		},
		{
			"from": [7.9, 10, 5.7],
			"to": [9, 10.1, 6],
			"rotation": {"angle": 0, "axis": "y", "origin": [6.8, 10, 3.5]},
			"faces": {
				"north": {"uv": [12.5, 6, 13.0625, 6.0625], "texture": "#0"},
				"east": {"uv": [13.5, 7, 13.625, 7.0625], "texture": "#0"},
				"south": {"uv": [12.5, 6.5, 13.0625, 6.5625], "texture": "#0"},
				"west": {"uv": [7.5, 13.5, 7.625, 13.5625], "texture": "#0"},
				"up": {"uv": [12.0625, 10.625, 11.5, 10.5], "texture": "#0"},
				"down": {"uv": [11.5625, 11.5, 11, 11.625], "texture": "#0"}
			}
		},
		{
			"from": [7.9, 10, 6.7],
			"to": [9, 10.1, 7],
			"rotation": {"angle": 0, "axis": "y", "origin": [6.8, 10, 4.5]},
			"faces": {
				"north": {"uv": [12.5, 7, 13.0625, 7.0625], "texture": "#0"},
				"east": {"uv": [13.5, 7.5, 13.625, 7.5625], "texture": "#0"},
				"south": {"uv": [12.5, 7.5, 13.0625, 7.5625], "texture": "#0"},
				"west": {"uv": [8, 13.5, 8.125, 13.5625], "texture": "#0"},
				"up": {"uv": [12.0625, 11.125, 11.5, 11], "texture": "#0"},
				"down": {"uv": [1.0625, 12, 0.5, 12.125], "texture": "#0"}
			}
		},
		{
			"from": [8.9, 9.1, 6.7],
			"to": [9, 10, 7],
			"rotation": {"angle": 0, "axis": "y", "origin": [7.8, 10, 4.5]},
			"faces": {
				"north": {"uv": [10, 12.5, 10.0625, 12.9375], "texture": "#0"},
				"east": {"uv": [12, 8.5, 12.125, 8.9375], "texture": "#0"},
				"south": {"uv": [12.5, 10, 12.5625, 10.4375], "texture": "#0"},
				"west": {"uv": [12, 9, 12.125, 9.4375], "texture": "#0"},
				"up": {"uv": [13.5625, 8.125, 13.5, 8], "texture": "#0"},
				"down": {"uv": [8.5625, 13.5, 8.5, 13.625], "texture": "#0"}
			}
		},
		{
			"from": [8.9, 9.1, 5.7],
			"to": [9, 10, 6],
			"rotation": {"angle": 0, "axis": "y", "origin": [7.8, 10, 3.5]},
			"faces": {
				"north": {"uv": [10.5, 12.5, 10.5625, 12.9375], "texture": "#0"},
				"east": {"uv": [10, 12, 10.125, 12.4375], "texture": "#0"},
				"south": {"uv": [12.5, 10.5, 12.5625, 10.9375], "texture": "#0"},
				"west": {"uv": [10.5, 12, 10.625, 12.4375], "texture": "#0"},
				"up": {"uv": [13.5625, 8.625, 13.5, 8.5], "texture": "#0"},
				"down": {"uv": [9.0625, 13.5, 9, 13.625], "texture": "#0"}
			}
		},
		{
			"from": [8.9, 9.1, 4.7],
			"to": [9, 10, 5],
			"rotation": {"angle": 0, "axis": "y", "origin": [7.8, 10, 2.5]},
			"faces": {
				"north": {"uv": [11, 12.5, 11.0625, 12.9375], "texture": "#0"},
				"east": {"uv": [11, 12, 11.125, 12.4375], "texture": "#0"},
				"south": {"uv": [12.5, 11, 12.5625, 11.4375], "texture": "#0"},
				"west": {"uv": [11.5, 12, 11.625, 12.4375], "texture": "#0"},
				"up": {"uv": [13.5625, 9.125, 13.5, 9], "texture": "#0"},
				"down": {"uv": [9.5625, 13.5, 9.5, 13.625], "texture": "#0"}
			}
		},
		{
			"from": [7.1, 9.7, 4.7],
			"to": [7.9, 9.8, 5],
			"rotation": {"angle": 0, "axis": "y", "origin": [6, 9.7, 1.7]},
			"faces": {
				"north": {"uv": [12.5, 12.5, 12.875, 12.5625], "texture": "#0"},
				"east": {"uv": [13.5, 9.5, 13.625, 9.5625], "texture": "#0"},
				"south": {"uv": [0, 13, 0.375, 13.0625], "texture": "#0"},
				"west": {"uv": [10, 13.5, 10.125, 13.5625], "texture": "#0"},
				"up": {"uv": [12.375, 11.625, 12, 11.5], "texture": "#0"},
				"down": {"uv": [12.375, 12, 12, 12.125], "texture": "#0"}
			}
		},
		{
			"from": [7.8, 9.8, 4.7],
			"to": [7.9, 10.1, 5],
			"rotation": {"angle": 0, "axis": "y", "origin": [6, 9.9, 1.7]},
			"faces": {
				"north": {"uv": [13.5, 10, 13.5625, 10.125], "texture": "#0"},
				"east": {"uv": [8, 13, 8.125, 13.125], "texture": "#0"},
				"south": {"uv": [10.5, 13.5, 10.5625, 13.625], "texture": "#0"},
				"west": {"uv": [13, 8, 13.125, 8.125], "texture": "#0"},
				"up": {"uv": [13.5625, 10.625, 13.5, 10.5], "texture": "#0"},
				"down": {"uv": [11.0625, 13.5, 11, 13.625], "texture": "#0"}
			}
		},
		{
			"from": [7.8, 9.8, 5.7],
			"to": [7.9, 10.1, 6],
			"rotation": {"angle": 0, "axis": "y", "origin": [6, 9.9, 2.7]},
			"faces": {
				"north": {"uv": [13.5, 11, 13.5625, 11.125], "texture": "#0"},
				"east": {"uv": [8.5, 13, 8.625, 13.125], "texture": "#0"},
				"south": {"uv": [11.5, 13.5, 11.5625, 13.625], "texture": "#0"},
				"west": {"uv": [13, 8.5, 13.125, 8.625], "texture": "#0"},
				"up": {"uv": [13.5625, 11.625, 13.5, 11.5], "texture": "#0"},
				"down": {"uv": [12.0625, 13.5, 12, 13.625], "texture": "#0"}
			}
		},
		{
			"from": [7.8, 9.8, 6.7],
			"to": [7.9, 10.1, 7],
			"rotation": {"angle": 0, "axis": "y", "origin": [6, 9.9, 3.7]},
			"faces": {
				"north": {"uv": [13.5, 12, 13.5625, 12.125], "texture": "#0"},
				"east": {"uv": [9, 13, 9.125, 13.125], "texture": "#0"},
				"south": {"uv": [12.5, 13.5, 12.5625, 13.625], "texture": "#0"},
				"west": {"uv": [13, 9, 13.125, 9.125], "texture": "#0"},
				"up": {"uv": [13.5625, 12.625, 13.5, 12.5], "texture": "#0"},
				"down": {"uv": [13.0625, 13.5, 13, 13.625], "texture": "#0"}
			}
		},
		{
			"from": [7.1, 9.1, 4.7],
			"to": [7.4, 9.7, 5],
			"rotation": {"angle": 0, "axis": "y", "origin": [6, 9.6, 1.7]},
			"faces": {
				"north": {"uv": [2.5, 12.5, 2.625, 12.8125], "texture": "#0"},
				"east": {"uv": [12.5, 2.5, 12.625, 2.8125], "texture": "#0"},
				"south": {"uv": [3, 12.5, 3.125, 12.8125], "texture": "#0"},
				"west": {"uv": [12.5, 3, 12.625, 3.3125], "texture": "#0"},
				"up": {"uv": [9.625, 13.125, 9.5, 13], "texture": "#0"},
				"down": {"uv": [13.125, 9.5, 13, 9.625], "texture": "#0"}
			}
		},
		{
			"from": [7.1, 9.1, 5.7],
			"to": [7.4, 9.7, 6],
			"rotation": {"angle": 0, "axis": "y", "origin": [6, 9.6, 2.7]},
			"faces": {
				"north": {"uv": [3.5, 12.5, 3.625, 12.8125], "texture": "#0"},
				"east": {"uv": [12.5, 3.5, 12.625, 3.8125], "texture": "#0"},
				"south": {"uv": [4, 12.5, 4.125, 12.8125], "texture": "#0"},
				"west": {"uv": [12.5, 4, 12.625, 4.3125], "texture": "#0"},
				"up": {"uv": [10.125, 13.125, 10, 13], "texture": "#0"},
				"down": {"uv": [13.125, 10, 13, 10.125], "texture": "#0"}
			}
		},
		{
			"from": [7.1, 9.7, 5.7],
			"to": [7.9, 9.8, 6],
			"rotation": {"angle": 0, "axis": "y", "origin": [6, 9.7, 2.7]},
			"faces": {
				"north": {"uv": [13, 0, 13.375, 0.0625], "texture": "#0"},
				"east": {"uv": [13.5, 13, 13.625, 13.0625], "texture": "#0"},
				"south": {"uv": [0.5, 13, 0.875, 13.0625], "texture": "#0"},
				"west": {"uv": [13.5, 13.5, 13.625, 13.5625], "texture": "#0"},
				"up": {"uv": [0.375, 12.625, 0, 12.5], "texture": "#0"},
				"down": {"uv": [12.875, 0, 12.5, 0.125], "texture": "#0"}
			}
		},
		{
			"from": [7.1, 9.1, 6.7],
			"to": [7.4, 9.7, 7],
			"rotation": {"angle": 0, "axis": "y", "origin": [6, 9.6, 3.7]},
			"faces": {
				"north": {"uv": [4.5, 12.5, 4.625, 12.8125], "texture": "#0"},
				"east": {"uv": [12.5, 4.5, 12.625, 4.8125], "texture": "#0"},
				"south": {"uv": [5, 12.5, 5.125, 12.8125], "texture": "#0"},
				"west": {"uv": [12.5, 5, 12.625, 5.3125], "texture": "#0"},
				"up": {"uv": [10.625, 13.125, 10.5, 13], "texture": "#0"},
				"down": {"uv": [13.125, 10.5, 13, 10.625], "texture": "#0"}
			}
		},
		{
			"from": [7.1, 9.7, 6.7],
			"to": [7.9, 9.8, 7],
			"rotation": {"angle": 0, "axis": "y", "origin": [6, 9.7, 3.7]},
			"faces": {
				"north": {"uv": [13, 0.5, 13.375, 0.5625], "texture": "#0"},
				"east": {"uv": [0, 14, 0.125, 14.0625], "texture": "#0"},
				"south": {"uv": [1, 13, 1.375, 13.0625], "texture": "#0"},
				"west": {"uv": [14, 0, 14.125, 0.0625], "texture": "#0"},
				"up": {"uv": [0.875, 12.625, 0.5, 12.5], "texture": "#0"},
				"down": {"uv": [12.875, 0.5, 12.5, 0.625], "texture": "#0"}
			}
		},
		{
			"from": [7.3, 9.1, 4.2],
			"to": [7.9, 9.7, 7.5],
			"rotation": {"angle": 0, "axis": "y", "origin": [6, 9.1, 2.5]},
			"faces": {
				"north": {"uv": [11.5, 2, 11.8125, 2.3125], "texture": "#0"},
				"east": {"uv": [8.5, 1, 10.125, 1.3125], "texture": "#0"},
				"south": {"uv": [11.5, 5.5, 11.8125, 5.8125], "texture": "#0"},
				"west": {"uv": [8.5, 1.5, 10.125, 1.8125], "texture": "#0"},
				"up": {"uv": [1.8125, 10.125, 1.5, 8.5], "texture": "#0"},
				"down": {"uv": [6.8125, 8.5, 6.5, 10.125], "texture": "#0"}
			}
		},
		{
			"from": [6.85, 7.2, 7.4],
			"to": [9.1, 9.9, 10.1],
			"rotation": {"angle": 0, "axis": "y", "origin": [7, 8, 7.5]},
			"faces": {
				"north": {"uv": [2.5, 0, 3.625, 1.375], "texture": "#0"},
				"east": {"uv": [0, 0, 1.375, 1.375], "texture": "#0"},
				"south": {"uv": [2.5, 1.5, 3.625, 2.875], "texture": "#0"},
				"west": {"uv": [0, 1.5, 1.375, 2.875], "texture": "#0"},
				"up": {"uv": [1.125, 4.375, 0, 3], "texture": "#0"},
				"down": {"uv": [3.625, 3, 2.5, 4.375], "texture": "#0"}
			}
		},
		{
			"from": [7, 9.8, 7.5],
			"to": [7.95, 10.1, 10],
			"rotation": {"angle": 0, "axis": "y", "origin": [7, 8.3, 7.5]},
			"faces": {
				"north": {"uv": [12, 1.5, 12.5, 1.625], "texture": "#0"},
				"east": {"uv": [5, 9.5, 6.25, 9.625], "texture": "#0"},
				"south": {"uv": [2, 12, 2.5, 12.125], "texture": "#0"},
				"west": {"uv": [9.5, 5.5, 10.75, 5.625], "texture": "#0"},
				"up": {"uv": [8, 8.75, 7.5, 7.5], "texture": "#0"},
				"down": {"uv": [8.5, 0, 8, 1.25], "texture": "#0"}
			}
		},
		{
			"from": [8.05, 9.8, 7.5],
			"to": [9, 10.1, 10],
			"rotation": {"angle": 0, "axis": "y", "origin": [8.2, 8.3, 7.5]},
			"faces": {
				"north": {"uv": [12, 2, 12.5, 2.125], "texture": "#0"},
				"east": {"uv": [9.5, 6, 10.75, 6.125], "texture": "#0"},
				"south": {"uv": [2.5, 12, 3, 12.125], "texture": "#0"},
				"west": {"uv": [9.5, 7.5, 10.75, 7.625], "texture": "#0"},
				"up": {"uv": [8.5, 2.75, 8, 1.5], "texture": "#0"},
				"down": {"uv": [4.5, 8, 4, 9.25], "texture": "#0"}
			}
		},
		{
			"from": [8.05, 7.1, 7.5],
			"to": [9, 7.4, 10],
			"rotation": {"angle": 0, "axis": "y", "origin": [8.2, 5.6, 7.5]},
			"faces": {
				"north": {"uv": [3, 12, 3.5, 12.125], "texture": "#0"},
				"east": {"uv": [9.5, 8, 10.75, 8.125], "texture": "#0"},
				"south": {"uv": [12, 3, 12.5, 3.125], "texture": "#0"},
				"west": {"uv": [9.5, 8.5, 10.75, 8.625], "texture": "#0"},
				"up": {"uv": [5, 9.25, 4.5, 8], "texture": "#0"},
				"down": {"uv": [8.5, 4.5, 8, 5.75], "texture": "#0"}
			}
		},
		{
			"from": [6.9, 7.1, 7.5],
			"to": [7.95, 7.4, 10],
			"rotation": {"angle": 0, "axis": "y", "origin": [7, 5.6, 7.5]},
			"faces": {
				"north": {"uv": [3.5, 12, 4, 12.125], "texture": "#0"},
				"east": {"uv": [9, 9.5, 10.25, 9.625], "texture": "#0"},
				"south": {"uv": [12, 3.5, 12.5, 3.625], "texture": "#0"},
				"west": {"uv": [9.5, 9, 10.75, 9.125], "texture": "#0"},
				"up": {"uv": [5.5, 9.25, 5, 8], "texture": "#0"},
				"down": {"uv": [6, 8, 5.5, 9.25], "texture": "#0"}
			}
		},
		{
			"from": [6.8, 7.5, 7.6],
			"to": [7.1, 8.55, 9.9],
			"rotation": {"angle": 0, "axis": "y", "origin": [8.6, 7.6, 7.5]},
			"faces": {
				"north": {"uv": [4, 12, 4.125, 12.5], "texture": "#0"},
				"east": {"uv": [8, 8, 9.125, 8.5], "texture": "#0"},
				"south": {"uv": [12, 4, 12.125, 4.5], "texture": "#0"},
				"west": {"uv": [0, 8.5, 1.125, 9], "texture": "#0"},
				"up": {"uv": [6.625, 11.625, 6.5, 10.5], "texture": "#0"},
				"down": {"uv": [10.125, 10.5, 10, 11.625], "texture": "#0"}
			}
		},
		{
			"from": [8.9, 8.75, 8],
			"to": [9.2, 9.8, 9.9],
			"rotation": {"angle": 0, "axis": "y", "origin": [10.7, 8.9, 7.5]},
			"faces": {
				"north": {"uv": [4.5, 12, 4.625, 12.5], "texture": "#0"},
				"east": {"uv": [1.5, 4, 2.4375, 4.5], "texture": "#0"},
				"south": {"uv": [12, 4.5, 12.125, 5], "texture": "#0"},
				"west": {"uv": [8.5, 2, 9.4375, 2.5], "texture": "#0"},
				"up": {"uv": [3.625, 11.9375, 3.5, 11], "texture": "#0"},
				"down": {"uv": [4.125, 11, 4, 11.9375], "texture": "#0"}
			}
		},
		{
			"from": [6.8, 8.65, 7.6],
			"to": [7.1, 9.7, 9.9],
			"rotation": {"angle": 0, "axis": "y", "origin": [8.6, 8.8, 7.5]},
			"faces": {
				"north": {"uv": [5, 12, 5.125, 12.5], "texture": "#0"},
				"east": {"uv": [8.5, 0, 9.625, 0.5], "texture": "#0"},
				"south": {"uv": [12, 5, 12.125, 5.5], "texture": "#0"},
				"west": {"uv": [8.5, 0.5, 9.625, 1], "texture": "#0"},
				"up": {"uv": [10.625, 11.625, 10.5, 10.5], "texture": "#0"},
				"down": {"uv": [0.125, 11, 0, 12.125], "texture": "#0"}
			}
		},
		{
			"from": [8.9, 9, 7.6],
			"to": [9.2, 9.8, 8],
			"rotation": {"angle": 0, "axis": "y", "origin": [10.7, 8.9, 5.6]},
			"faces": {
				"north": {"uv": [1, 12.5, 1.125, 12.875], "texture": "#0"},
				"east": {"uv": [12, 1, 12.1875, 1.375], "texture": "#0"},
				"south": {"uv": [12.5, 1, 12.625, 1.375], "texture": "#0"},
				"west": {"uv": [1.5, 12, 1.6875, 12.375], "texture": "#0"},
				"up": {"uv": [13.125, 1.1875, 13, 1], "texture": "#0"},
				"down": {"uv": [1.625, 13, 1.5, 13.1875], "texture": "#0"}
			}
		},
		{
			"from": [8.9, 7.95, 7.6],
			"to": [9.225, 9, 10],
			"rotation": {"angle": 0, "axis": "y", "origin": [10.7, 8.1, 5.6]},
			"faces": {
				"north": {"uv": [6, 11.5, 6.1875, 12], "texture": "#0"},
				"east": {"uv": [8, 6, 9.1875, 6.5], "texture": "#0"},
				"south": {"uv": [11.5, 6, 11.6875, 6.5], "texture": "#0"},
				"west": {"uv": [8, 7.5, 9.1875, 8], "texture": "#0"},
				"up": {"uv": [8.6875, 9.6875, 8.5, 8.5], "texture": "#0"},
				"down": {"uv": [0.1875, 9, 0, 10.1875], "texture": "#0"}
			}
		},
		{
			"from": [8.9, 7.4, 8],
			"to": [9.2, 8.45, 9.9],
			"rotation": {"angle": 0, "axis": "y", "origin": [10.7, 7.5, 7.5]},
			"faces": {
				"north": {"uv": [5.5, 12, 5.625, 12.5], "texture": "#0"},
				"east": {"uv": [8.5, 2.5, 9.4375, 3], "texture": "#0"},
				"south": {"uv": [12, 5.5, 12.125, 6], "texture": "#0"},
				"west": {"uv": [8.5, 4.5, 9.4375, 5], "texture": "#0"},
				"up": {"uv": [4.625, 11.9375, 4.5, 11], "texture": "#0"},
				"down": {"uv": [11.125, 5.5, 11, 6.4375], "texture": "#0"}
			}
		},
		{
			"from": [8.9, 7.4, 7.6],
			"to": [9.2, 7.95, 8],
			"rotation": {"angle": 0, "axis": "y", "origin": [10.7, 7.7, 5.6]},
			"faces": {
				"north": {"uv": [6.5, 12.5, 6.625, 12.75], "texture": "#0"},
				"east": {"uv": [1.5, 12.5, 1.6875, 12.75], "texture": "#0"},
				"south": {"uv": [7.5, 12.5, 7.625, 12.75], "texture": "#0"},
				"west": {"uv": [12.5, 1.5, 12.6875, 1.75], "texture": "#0"},
				"up": {"uv": [13.125, 1.6875, 13, 1.5], "texture": "#0"},
				"down": {"uv": [2.125, 13, 2, 13.1875], "texture": "#0"}
			}
		},
		{
			"from": [9.1, 8.7, 4],
			"to": [9.2, 8.9, 4.5],
			"rotation": {"angle": 0, "axis": "y", "origin": [8.4, 8.8, 4]},
			"faces": {
				"north": {"uv": [0.5, 14, 0.5625, 14.125], "texture": "#0"},
				"east": {"uv": [12.5, 8, 12.75, 8.125], "texture": "#0"},
				"south": {"uv": [14, 0.5, 14.0625, 0.625], "texture": "#0"},
				"west": {"uv": [12.5, 8.5, 12.75, 8.625], "texture": "#0"},
				"up": {"uv": [11.0625, 13.25, 11, 13], "texture": "#0"},
				"down": {"uv": [13.0625, 11, 13, 11.25], "texture": "#0"}
			}
		},
		{
			"from": [9, 8.7, 4.5],
			"to": [9.2, 8.9, 4.7],
			"rotation": {"angle": 0, "axis": "y", "origin": [8.3, 8.8, 4.2]},
			"faces": {
				"north": {"uv": [11.5, 13, 11.625, 13.125], "texture": "#0"},
				"east": {"uv": [13, 11.5, 13.125, 11.625], "texture": "#0"},
				"south": {"uv": [12, 13, 12.125, 13.125], "texture": "#0"},
				"west": {"uv": [13, 12, 13.125, 12.125], "texture": "#0"},
				"up": {"uv": [12.625, 13.125, 12.5, 13], "texture": "#0"},
				"down": {"uv": [13.125, 12.5, 13, 12.625], "texture": "#0"}
			}
		},
		{
			"from": [9, 8.7, 4.7],
			"to": [9.1, 8.9, 7.3],
			"rotation": {"angle": 0, "axis": "y", "origin": [8.2, 8.8, 9.3]},
			"faces": {
				"north": {"uv": [1, 14, 1.0625, 14.125], "texture": "#0"},
				"east": {"uv": [8.5, 6.5, 9.8125, 6.625], "texture": "#0"},
				"south": {"uv": [14, 1, 14.0625, 1.125], "texture": "#0"},
				"west": {"uv": [8.5, 7, 9.8125, 7.125], "texture": "#0"},
				"up": {"uv": [7.0625, 12.8125, 7, 11.5], "texture": "#0"},
				"down": {"uv": [8.0625, 11.5, 8, 12.8125], "texture": "#0"}
			}
		},
		{
			"from": [6.9, 8.7, 5.1],
			"to": [7, 8.9, 7.6],
			"rotation": {"angle": 0, "axis": "y", "origin": [6.1, 8.8, 9.3]},
			"faces": {
				"north": {"uv": [1.5, 14, 1.5625, 14.125], "texture": "#0"},
				"east": {"uv": [10, 0, 11.25, 0.125], "texture": "#0"},
				"south": {"uv": [14, 1.5, 14.0625, 1.625], "texture": "#0"},
				"west": {"uv": [10, 0.5, 11.25, 0.625], "texture": "#0"},
				"up": {"uv": [9.0625, 12.75, 9, 11.5], "texture": "#0"},
				"down": {"uv": [9.5625, 11.5, 9.5, 12.75], "texture": "#0"}
			}
		},
		{
			"from": [6.9, 8.2, 6.8],
			"to": [7, 8.4, 7.6],
			"rotation": {"angle": 0, "axis": "y", "origin": [6.1, 8.3, 9.3]},
			"faces": {
				"north": {"uv": [2, 14, 2.0625, 14.125], "texture": "#0"},
				"east": {"uv": [2, 12.5, 2.375, 12.625], "texture": "#0"},
				"south": {"uv": [14, 2, 14.0625, 2.125], "texture": "#0"},
				"west": {"uv": [12.5, 2, 12.875, 2.125], "texture": "#0"},
				"up": {"uv": [13.0625, 2.375, 13, 2], "texture": "#0"},
				"down": {"uv": [2.5625, 13, 2.5, 13.375], "texture": "#0"}
			}
		},
		{
			"from": [6.9, 8.4, 7],
			"to": [7, 8.7, 7.2],
			"rotation": {"angle": 0, "axis": "y", "origin": [6.1, 8.5, 9.3]},
			"faces": {
				"north": {"uv": [2.5, 14, 2.5625, 14.125], "texture": "#0"},
				"east": {"uv": [13, 13, 13.125, 13.125], "texture": "#0"},
				"south": {"uv": [14, 2.5, 14.0625, 2.625], "texture": "#0"},
				"west": {"uv": [0, 13.5, 0.125, 13.625], "texture": "#0"},
				"up": {"uv": [3.0625, 14.125, 3, 14], "texture": "#0"},
				"down": {"uv": [14.0625, 3, 14, 3.125], "texture": "#0"}
			}
		},
		{
			"from": [6.9, 7.9, 7.2],
			"to": [7, 8.2, 7.4],
			"rotation": {"angle": 0, "axis": "y", "origin": [6.1, 8, 9.5]},
			"faces": {
				"north": {"uv": [3.5, 14, 3.5625, 14.125], "texture": "#0"},
				"east": {"uv": [13.5, 0, 13.625, 0.125], "texture": "#0"},
				"south": {"uv": [14, 3.5, 14.0625, 3.625], "texture": "#0"},
				"west": {"uv": [0.5, 13.5, 0.625, 13.625], "texture": "#0"},
				"up": {"uv": [4.0625, 14.125, 4, 14], "texture": "#0"},
				"down": {"uv": [14.0625, 4, 14, 4.125], "texture": "#0"}
			}
		},
		{
			"from": [9, 8.7, 7.3],
			"to": [9.2, 8.9, 7.5],
			"rotation": {"angle": 0, "axis": "y", "origin": [8.3, 8.8, 7]},
			"faces": {
				"north": {"uv": [13.5, 0.5, 13.625, 0.625], "texture": "#0"},
				"east": {"uv": [1, 13.5, 1.125, 13.625], "texture": "#0"},
				"south": {"uv": [13.5, 1, 13.625, 1.125], "texture": "#0"},
				"west": {"uv": [1.5, 13.5, 1.625, 13.625], "texture": "#0"},
				"up": {"uv": [13.625, 1.625, 13.5, 1.5], "texture": "#0"},
				"down": {"uv": [2.125, 13.5, 2, 13.625], "texture": "#0"}
			}
		},
		{
			"from": [9.1, 8.7, 7.5],
			"to": [9.2, 8.9, 7.9],
			"rotation": {"angle": 0, "axis": "y", "origin": [8.4, 8.8, 7.5]},
			"faces": {
				"north": {"uv": [4.5, 14, 4.5625, 14.125], "texture": "#0"},
				"east": {"uv": [13, 2.5, 13.1875, 2.625], "texture": "#0"},
				"south": {"uv": [14, 4.5, 14.0625, 4.625], "texture": "#0"},
				"west": {"uv": [3, 13, 3.1875, 13.125], "texture": "#0"},
				"up": {"uv": [13.5625, 5.6875, 13.5, 5.5], "texture": "#0"},
				"down": {"uv": [6.0625, 13.5, 6, 13.6875], "texture": "#0"}
			}
		},
		{
			"from": [9.1, 8.4, 7.5],
			"to": [9.2, 8.6, 7.9],
			"rotation": {"angle": 0, "axis": "y", "origin": [8.4, 8.5, 7.5]},
			"faces": {
				"north": {"uv": [5, 14, 5.0625, 14.125], "texture": "#0"},
				"east": {"uv": [13, 3, 13.1875, 3.125], "texture": "#0"},
				"south": {"uv": [14, 5, 14.0625, 5.125], "texture": "#0"},
				"west": {"uv": [3.5, 13, 3.6875, 13.125], "texture": "#0"},
				"up": {"uv": [13.5625, 6.1875, 13.5, 6], "texture": "#0"},
				"down": {"uv": [6.5625, 13.5, 6.5, 13.6875], "texture": "#0"}
			}
		},
		{
			"from": [9, 8.4, 7.3],
			"to": [9.2, 8.6, 7.5],
			"rotation": {"angle": 0, "axis": "y", "origin": [8.3, 8.5, 7]},
			"faces": {
				"north": {"uv": [13.5, 2, 13.625, 2.125], "texture": "#0"},
				"east": {"uv": [2.5, 13.5, 2.625, 13.625], "texture": "#0"},
				"south": {"uv": [13.5, 2.5, 13.625, 2.625], "texture": "#0"},
				"west": {"uv": [3, 13.5, 3.125, 13.625], "texture": "#0"},
				"up": {"uv": [13.625, 3.125, 13.5, 3], "texture": "#0"},
				"down": {"uv": [3.625, 13.5, 3.5, 13.625], "texture": "#0"}
			}
		},
		{
			"from": [9, 8.4, 4.7],
			"to": [9.1, 8.6, 7.3],
			"rotation": {"angle": 0, "axis": "y", "origin": [8.2, 8.5, 9.3]},
			"faces": {
				"north": {"uv": [5.5, 14, 5.5625, 14.125], "texture": "#0"},
				"east": {"uv": [9, 3, 10.3125, 3.125], "texture": "#0"},
				"south": {"uv": [14, 5.5, 14.0625, 5.625], "texture": "#0"},
				"west": {"uv": [9, 3.5, 10.3125, 3.625], "texture": "#0"},
				"up": {"uv": [11.5625, 9.3125, 11.5, 8], "texture": "#0"},
				"down": {"uv": [8.5625, 11.5, 8.5, 12.8125], "texture": "#0"}
			}
		},
		{
			"from": [9, 8.4, 4.5],
			"to": [9.2, 8.6, 4.7],
			"rotation": {"angle": 0, "axis": "y", "origin": [8.3, 8.5, 4.2]},
			"faces": {
				"north": {"uv": [13.5, 3.5, 13.625, 3.625], "texture": "#0"},
				"east": {"uv": [4, 13.5, 4.125, 13.625], "texture": "#0"},
				"south": {"uv": [13.5, 4, 13.625, 4.125], "texture": "#0"},
				"west": {"uv": [4.5, 13.5, 4.625, 13.625], "texture": "#0"},
				"up": {"uv": [13.625, 4.625, 13.5, 4.5], "texture": "#0"},
				"down": {"uv": [5.125, 13.5, 5, 13.625], "texture": "#0"}
			}
		},
		{
			"from": [9.1, 8.4, 4],
			"to": [9.2, 8.6, 4.5],
			"rotation": {"angle": 0, "axis": "y", "origin": [8.4, 8.5, 4]},
			"faces": {
				"north": {"uv": [6, 14, 6.0625, 14.125], "texture": "#0"},
				"east": {"uv": [12.5, 9, 12.75, 9.125], "texture": "#0"},
				"south": {"uv": [14, 6, 14.0625, 6.125], "texture": "#0"},
				"west": {"uv": [12.5, 9.5, 12.75, 9.625], "texture": "#0"},
				"up": {"uv": [13.5625, 5.25, 13.5, 5], "texture": "#0"},
				"down": {"uv": [5.5625, 13.5, 5.5, 13.75], "texture": "#0"}
			}
		},
		{
			"from": [7.1, 7.5, 5],
			"to": [8.9, 7.8, 7.5],
			"rotation": {"angle": 0, "axis": "y", "origin": [7, 5.7, 5]},
			"faces": {
				"north": {"uv": [10.5, 9.5, 11.375, 9.625], "texture": "#0"},
				"east": {"uv": [2, 10, 3.25, 10.125], "texture": "#0"},
				"south": {"uv": [11, 4, 11.875, 4.125], "texture": "#0"},
				"west": {"uv": [10, 2, 11.25, 2.125], "texture": "#0"},
				"up": {"uv": [7.875, 1.25, 7, 0], "texture": "#0"},
				"down": {"uv": [7.875, 1.5, 7, 2.75], "texture": "#0"}
			}
		},
		{
			"from": [7.1, 7.7, 1.9],
			"to": [9.3, 9.9, 4.2],
			"rotation": {"angle": -45, "axis": "z", "origin": [8.2, 8.9, 3.5]},
			"faces": {
				"north": {"uv": [0, 6, 1.125, 7.125], "texture": "#0"},
				"east": {"uv": [1.5, 6, 2.625, 7.125], "texture": "#0"},
				"south": {"uv": [3, 6, 4.125, 7.125], "texture": "#0"},
				"west": {"uv": [4.5, 6, 5.625, 7.125], "texture": "#0"},
				"up": {"uv": [7.125, 5.625, 6, 4.5], "texture": "#0"},
				"down": {"uv": [7.125, 6, 6, 7.125], "texture": "#0"}
			}
		},
		{
			"from": [7, 7.6, 4],
			"to": [9.4, 10, 4.3],
			"rotation": {"angle": -45, "axis": "z", "origin": [8.2, 8.9, 3.5]},
			"faces": {
				"north": {"uv": [4, 0, 5.1875, 1.1875], "texture": "#0"},
				"east": {"uv": [6, 10, 6.125, 11.1875], "texture": "#0"},
				"south": {"uv": [4, 1.5, 5.1875, 2.6875], "texture": "#0"},
				"west": {"uv": [7, 10, 7.125, 11.1875], "texture": "#0"},
				"up": {"uv": [11.1875, 7.125, 10, 7], "texture": "#0"},
				"down": {"uv": [8.6875, 10, 7.5, 10.125], "texture": "#0"}
			}
		},
		{
			"from": [7, 7.6, 3.5],
			"to": [9.4, 10, 3.8],
			"rotation": {"angle": -45, "axis": "z", "origin": [8.2, 8.9, 3]},
			"faces": {
				"north": {"uv": [4, 3, 5.1875, 4.1875], "texture": "#0"},
				"east": {"uv": [9, 10, 9.125, 11.1875], "texture": "#0"},
				"south": {"uv": [0, 4.5, 1.1875, 5.6875], "texture": "#0"},
				"west": {"uv": [9.5, 10, 9.625, 11.1875], "texture": "#0"},
				"up": {"uv": [11.1875, 10.125, 10, 10], "texture": "#0"},
				"down": {"uv": [1.1875, 10.5, 0, 10.625], "texture": "#0"}
			}
		},
		{
			"from": [7, 7.6, 3],
			"to": [9.4, 10, 3.3],
			"rotation": {"angle": -45, "axis": "z", "origin": [8.2, 8.9, 2.5]},
			"faces": {
				"north": {"uv": [1.5, 4.5, 2.6875, 5.6875], "texture": "#0"},
				"east": {"uv": [1.5, 10.5, 1.625, 11.6875], "texture": "#0"},
				"south": {"uv": [3, 4.5, 4.1875, 5.6875], "texture": "#0"},
				"west": {"uv": [2, 10.5, 2.125, 11.6875], "texture": "#0"},
				"up": {"uv": [11.6875, 1.125, 10.5, 1], "texture": "#0"},
				"down": {"uv": [11.6875, 1.5, 10.5, 1.625], "texture": "#0"}
			}
		},
		{
			"from": [7, 7.6, 2.5],
			"to": [9.4, 10, 2.8],
			"rotation": {"angle": -45, "axis": "z", "origin": [8.2, 8.9, 2]},
			"faces": {
				"north": {"uv": [4.5, 4.5, 5.6875, 5.6875], "texture": "#0"},
				"east": {"uv": [2.5, 10.5, 2.625, 11.6875], "texture": "#0"},
				"south": {"uv": [5.5, 0, 6.6875, 1.1875], "texture": "#0"},
				"west": {"uv": [3, 10.5, 3.125, 11.6875], "texture": "#0"},
				"up": {"uv": [11.6875, 3.125, 10.5, 3], "texture": "#0"},
				"down": {"uv": [4.6875, 10.5, 3.5, 10.625], "texture": "#0"}
			}
		},
		{
			"from": [7, 7.6, 2],
			"to": [9.4, 10, 2.3],
			"rotation": {"angle": -45, "axis": "z", "origin": [8.2, 8.9, 1.5]},
			"faces": {
				"north": {"uv": [5.5, 1.5, 6.6875, 2.6875], "texture": "#0"},
				"east": {"uv": [5, 10.5, 5.125, 11.6875], "texture": "#0"},
				"south": {"uv": [5.5, 3, 6.6875, 4.1875], "texture": "#0"},
				"west": {"uv": [5.5, 10.5, 5.625, 11.6875], "texture": "#0"},
				"up": {"uv": [11.6875, 3.625, 10.5, 3.5], "texture": "#0"},
				"down": {"uv": [8.6875, 10.5, 7.5, 10.625], "texture": "#0"}
			}
		},
		{
			"from": [7.9, 9.97367, 1.98218],
			"to": [8.3, 12.77367, 2.28218],
			"rotation": {"angle": -22.5, "axis": "x", "origin": [7.1, 10.27367, 1.98218]},
			"faces": {
				"north": {"uv": [7, 8.5, 7.1875, 9.875], "texture": "#0"},
				"east": {"uv": [0.5, 9, 0.625, 10.375], "texture": "#0"},
				"south": {"uv": [8, 8.5, 8.1875, 9.875], "texture": "#0"},
				"west": {"uv": [1, 9, 1.125, 10.375], "texture": "#0"},
				"up": {"uv": [13.1875, 3.625, 13, 3.5], "texture": "#0"},
				"down": {"uv": [4.1875, 13, 4, 13.125], "texture": "#0"}
			}
		},
		{
			"from": [10.82242, 1.87182, 2],
			"to": [11.22242, 3.67182, 2.3],
			"rotation": {"angle": -45, "axis": "z", "origin": [14.49792, 10.11003, 11.61782]},
			"faces": {
				"north": {"uv": [9, 5, 9.1875, 5.875], "texture": "#0"},
				"east": {"uv": [7.5, 11, 7.625, 11.875], "texture": "#0"},
				"south": {"uv": [7.5, 9, 7.6875, 9.875], "texture": "#0"},
				"west": {"uv": [11, 7.5, 11.125, 8.375], "texture": "#0"},
				"up": {"uv": [13.1875, 4.125, 13, 4], "texture": "#0"},
				"down": {"uv": [4.6875, 13, 4.5, 13.125], "texture": "#0"}
			}
		},
		{
			"from": [9.54963, 2.09903, 0.5],
			"to": [9.94963, 2.39903, 2.3],
			"rotation": {"angle": -45, "axis": "z", "origin": [13.22513, 8.83724, 11.61782]},
			"faces": {
				"north": {"uv": [13, 4.5, 13.1875, 4.625], "texture": "#0"},
				"east": {"uv": [11, 6.5, 11.875, 6.625], "texture": "#0"},
				"south": {"uv": [5, 13, 5.1875, 13.125], "texture": "#0"},
				"west": {"uv": [8, 11, 8.875, 11.125], "texture": "#0"},
				"up": {"uv": [9.1875, 9.375, 9, 8.5], "texture": "#0"},
				"down": {"uv": [9.6875, 2, 9.5, 2.875], "texture": "#0"}
			}
		},
		{
			"from": [13.23112, 11.46679, 2],
			"to": [14.83112, 11.86679, 2.3],
			"rotation": {"angle": -45, "axis": "z", "origin": [6.59291, 15.14228, 11.61782]},
			"faces": {
				"north": {"uv": [10, 4, 10.8125, 4.1875], "texture": "#0"},
				"east": {"uv": [13, 5, 13.125, 5.1875], "texture": "#0"},
				"south": {"uv": [10, 6.5, 10.8125, 6.6875], "texture": "#0"},
				"west": {"uv": [5.5, 13, 5.625, 13.1875], "texture": "#0"},
				"up": {"uv": [12.3125, 0.125, 11.5, 0], "texture": "#0"},
				"down": {"uv": [12.3125, 0.5, 11.5, 0.625], "texture": "#0"}
			}
		},
		{
			"from": [14.30392, 10.19399, 0.5],
			"to": [14.60392, 10.59399, 2.3],
			"rotation": {"angle": -45, "axis": "z", "origin": [7.8657, 13.86949, 11.61782]},
			"faces": {
				"north": {"uv": [6, 13, 6.125, 13.1875], "texture": "#0"},
				"east": {"uv": [9, 4, 9.875, 4.1875], "texture": "#0"},
				"south": {"uv": [6.5, 13, 6.625, 13.1875], "texture": "#0"},
				"west": {"uv": [4, 9.5, 4.875, 9.6875], "texture": "#0"},
				"up": {"uv": [11.125, 9.375, 11, 8.5], "texture": "#0"},
				"down": {"uv": [11.125, 10.5, 11, 11.375], "texture": "#0"}
			}
		},
		{
			"from": [7.925, 12.43925, -0.49592],
			"to": [8.265, 12.69425, 1.03408],
			"rotation": {"angle": -42.5, "axis": "x", "origin": [8.095, 12.62775, 1.17234]},
			"faces": {
				"north": {"uv": [7, 13, 7.1875, 13.125], "texture": "#0"},
				"east": {"uv": [11.5, 7, 12.25, 7.125], "texture": "#0"},
				"south": {"uv": [7.5, 13, 7.6875, 13.125], "texture": "#0"},
				"west": {"uv": [11.5, 7.5, 12.25, 7.625], "texture": "#0"},
				"up": {"uv": [0.6875, 11.75, 0.5, 11], "texture": "#0"},
				"down": {"uv": [1.1875, 11, 1, 11.75], "texture": "#0"}
			}
		},
		{
			"from": [7.85, 8.65, 1.8],
			"to": [8.35, 9.15, 2.3],
			"light_emission": 15,
			"rotation": {"angle": 45, "axis": "z", "origin": [8.1, 8.9, 1.8]},
			"faces": {
				"north": {"uv": [6, 12, 6.25, 12.25], "texture": "#0"},
				"east": {"uv": [12, 6, 12.25, 6.25], "texture": "#0"},
				"south": {"uv": [6.5, 12, 6.75, 12.25], "texture": "#0"},
				"west": {"uv": [12, 6.5, 12.25, 6.75], "texture": "#0"},
				"up": {"uv": [7.75, 12.25, 7.5, 12], "texture": "#0"},
				"down": {"uv": [12.25, 8, 12, 8.25], "texture": "#0"}
			}
		}
	],
	"display": {
		"thirdperson_righthand": {
			"translation": [0, -2.5, -0.25],
			"scale": [1.5, 1.5, 1.5]
		},
		"thirdperson_lefthand": {
			"translation": [0, -2.25, 0],
			"scale": [1.5, 1.5, 1.5]
		},
		"firstperson_righthand": {
			"translation": [0, -2, 0],
			"scale": [3, 3, 3]
		},
		"firstperson_lefthand": {
			"translation": [-1.25, 0, 5.5],
			"scale": [3, 3, 3]
		},
		"gui": {
			"rotation": [-141.75, -49, -180],
			"translation": [-3.75, 1.75, 0],
			"scale": [2, 2, 2]
		},
		"fixed": {
			"rotation": [13.5, -90, 0],
			"translation": [-6, 0, -5.5],
			"scale": [3, 3, 3]
		}
	},
	"groups": [
		{
			"name": "gravity_gun",
			"origin": [7, 0, 10],
			"color": 0,
			"children": [
				0,
				1,
				2,
				3,
				4,
				5,
				6,
				7,
				8,
				9,
				10,
				11,
				12,
				13,
				14,
				15,
				16,
				17,
				18,
				19,
				20,
				21,
				22,
				23,
				24,
				25,
				26,
				27,
				28,
				29,
				30,
				31,
				32,
				33,
				34,
				35,
				36,
				37,
				38,
				39,
				40,
				41,
				42,
				43,
				44,
				45,
				46,
				47,
				48,
				49,
				50,
				51,
				52,
				53,
				54,
				55,
				56,
				57,
				58,
				59
			]
		}
	]
}