{
	"format_version": "1.21.6",
	"credit": "Made with Blockbench",
	"texture_size": [64, 64],
	"textures": {
		"0": "vantage:item/tools/zero_point_builder/zero_point_builder",
		"particle": "vantage:item/tools/zero_point_builder/zero_point_builder"
	},
	"elements": [
		{
			"from": [5, 4, 9.5],
			"to": [11, 10, 16],
			"rotation": {"angle": 0, "axis": "y", "origin": [7, 6, 1]},
			"faces": {
				"north": {"uv": [0, 4, 1.5, 5.5], "texture": "#0"},
				"east": {"uv": [0, 2.5, 1.625, 4], "texture": "#0"},
				"south": {"uv": [1.5, 4, 3, 5.5], "texture": "#0"},
				"west": {"uv": [3.25, 0, 4.875, 1.5], "texture": "#0"},
				"up": {"uv": [4.75, 3.125, 3.25, 1.5], "texture": "#0"},
				"down": {"uv": [4.75, 3.25, 3.25, 4.875], "texture": "#0"}
			}
		},
		{
			"from": [3.69596, 5.71494, 10.4],
			"to": [4.99596, 7.21494, 16],
			"rotation": {"angle": 0, "axis": "y", "origin": [0.99596, 5.81494, 1]},
			"faces": {
				"north": {"uv": [1, 9.25, 1.3125, 9.625], "texture": "#0"},
				"east": {"uv": [7.75, 1.5, 9.15625, 1.875], "texture": "#0"},
				"south": {"uv": [4.25, 9.25, 4.5625, 9.625], "texture": "#0"},
				"west": {"uv": [7.75, 2, 9.15625, 2.375], "texture": "#0"},
				"up": {"uv": [8.0625, 4.90625, 7.75, 3.5], "texture": "#0"},
				"down": {"uv": [4.8125, 7.75, 4.5, 9.15625], "texture": "#0"}
			}
		},
		{
			"from": [3.49596, 5.51494, 11.4],
			"to": [4.99596, 7.41494, 15.1],
			"rotation": {"angle": 0, "axis": "y", "origin": [0.99596, 5.81494, 1]},
			"faces": {
				"north": {"uv": [8.5, 9, 8.875, 9.46875], "texture": "#0"},
				"east": {"uv": [5, 7.75, 5.9375, 8.21875], "texture": "#0"},
				"south": {"uv": [9, 9, 9.375, 9.46875], "texture": "#0"},
				"west": {"uv": [7.75, 5, 8.6875, 5.46875], "texture": "#0"},
				"up": {"uv": [8.625, 1.4375, 8.25, 0.5], "texture": "#0"},
				"down": {"uv": [5.375, 8.25, 5, 9.1875], "texture": "#0"}
			}
		},
		{
			"from": [5, 3.5, 0.5],
			"to": [11, 9.5, 1.5],
			"rotation": {"angle": 0, "axis": "y", "origin": [7, 6, -13.5]},
			"faces": {
				"north": {"uv": [4.75, 1.5, 6.25, 3], "texture": "#0"},
				"east": {"uv": [1.75, 2.5, 2, 4], "texture": "#0"},
				"south": {"uv": [4.75, 3, 6.25, 4.5], "texture": "#0"},
				"west": {"uv": [7.25, 7.5, 7.5, 9], "texture": "#0"},
				"up": {"uv": [9.25, 7.5, 7.75, 7.25], "texture": "#0"},
				"down": {"uv": [9.25, 7.5, 7.75, 7.75], "texture": "#0"}
			}
		},
		{
			"from": [5, 3.5, -0.5],
			"to": [11, 9.5, 0.5],
			"rotation": {"angle": -45, "axis": "z", "origin": [8, 6.5, 0]},
			"faces": {
				"north": {"uv": [4.75, 4.5, 6.25, 6], "texture": "#0"},
				"east": {"uv": [7.75, 7.75, 8, 9.25], "texture": "#0"},
				"south": {"uv": [5, 0, 6.5, 1.5], "texture": "#0"},
				"west": {"uv": [8, 0, 8.25, 1.5], "texture": "#0"},
				"up": {"uv": [4.5, 8.25, 3, 8], "texture": "#0"},
				"down": {"uv": [9.5, 7.75, 8, 8], "texture": "#0"}
			}
		},
		{
			"from": [6.5, 8.5, -0.9],
			"to": [7.5, 9.5, 0.1],
			"rotation": {"angle": -45, "axis": "z", "origin": [4.5, 6.5, -0.4]},
			"faces": {
				"north": {"uv": [3, 4, 3.25, 4.25], "texture": "#0"},
				"east": {"uv": [3, 4.25, 3.25, 4.5], "texture": "#0"},
				"south": {"uv": [3, 4.5, 3.25, 4.75], "texture": "#0"},
				"west": {"uv": [3, 4.75, 3.25, 5], "texture": "#0"},
				"up": {"uv": [4.75, 5.25, 4.5, 5], "texture": "#0"},
				"down": {"uv": [4.75, 5.25, 4.5, 5.5], "texture": "#0"}
			}
		},
		{
			"from": [5, 8.5, 0.5],
			"to": [6, 9.5, 10.5],
			"rotation": {"angle": 45, "axis": "z", "origin": [8, 6.5, 1]},
			"faces": {
				"north": {"uv": [4.5, 5.5, 4.75, 5.75], "texture": "#0"},
				"east": {"uv": [4.5, 7.5, 7, 7.75], "texture": "#0"},
				"south": {"uv": [4.5, 5.75, 4.75, 6], "texture": "#0"},
				"west": {"uv": [7.5, 6, 10, 6.25], "texture": "#0"},
				"up": {"uv": [2.75, 9.5, 2.5, 7], "texture": "#0"},
				"down": {"uv": [3, 7, 2.75, 9.5], "texture": "#0"}
			}
		},
		{
			"from": [12.07107, 8.5, 0.5],
			"to": [13.07107, 9.5, 10.5],
			"rotation": {"angle": 45, "axis": "z", "origin": [15.07107, 6.5, 1]},
			"faces": {
				"north": {"uv": [4.25, 8.25, 4.5, 8.5], "texture": "#0"},
				"east": {"uv": [7.5, 6.25, 10, 6.5], "texture": "#0"},
				"south": {"uv": [4.25, 8.5, 4.5, 8.75], "texture": "#0"},
				"west": {"uv": [7.5, 6.5, 10, 6.75], "texture": "#0"},
				"up": {"uv": [7.75, 9.25, 7.5, 6.75], "texture": "#0"},
				"down": {"uv": [7.25, 7.5, 7, 10], "texture": "#0"}
			}
		},
		{
			"from": [12.07107, 8.5, -1],
			"to": [13.07107, 9.5, -0.5],
			"rotation": {"angle": 45, "axis": "z", "origin": [15.07107, 6.5, -10]},
			"faces": {
				"north": {"uv": [4.25, 8.75, 4.5, 9], "texture": "#0"},
				"east": {"uv": [7.75, 9.25, 7.875, 9.5], "texture": "#0"},
				"south": {"uv": [4.25, 9, 4.5, 9.25], "texture": "#0"},
				"west": {"uv": [8, 9.25, 8.125, 9.5], "texture": "#0"},
				"up": {"uv": [8.5, 9.375, 8.25, 9.25], "texture": "#0"},
				"down": {"uv": [2.75, 9.5, 2.5, 9.625], "texture": "#0"}
			}
		},
		{
			"from": [8.53553, 12.03553, -2.2],
			"to": [9.53553, 13.03553, -1.3],
			"rotation": {"angle": 45, "axis": "z", "origin": [11.53553, 10.03553, -11]},
			"faces": {
				"north": {"uv": [7.25, 9, 7.5, 9.25], "texture": "#0"},
				"east": {"uv": [2.75, 9.5, 2.875, 9.75], "texture": "#0"},
				"south": {"uv": [5.75, 9.25, 6, 9.5], "texture": "#0"},
				"west": {"uv": [5.75, 9.5, 5.875, 9.75], "texture": "#0"},
				"up": {"uv": [6.25, 9.625, 6, 9.5], "texture": "#0"},
				"down": {"uv": [6.5, 9.5, 6.25, 9.625], "texture": "#0"}
			}
		},
		{
			"from": [12.07107, 8.5, -2.5],
			"to": [13.07107, 9.5, -2.2],
			"rotation": {"angle": 45, "axis": "z", "origin": [15.07107, 6.5, -11.5]},
			"faces": {
				"north": {"uv": [6, 9.25, 6.25, 9.5], "texture": "#0"},
				"east": {"uv": [6.5, 9.5, 6.625, 9.75], "texture": "#0"},
				"south": {"uv": [6.25, 9.25, 6.5, 9.5], "texture": "#0"},
				"west": {"uv": [6.75, 9.5, 6.875, 9.75], "texture": "#0"},
				"up": {"uv": [7.5, 9.625, 7.25, 9.5], "texture": "#0"},
				"down": {"uv": [9.75, 7.25, 9.5, 7.375], "texture": "#0"}
			}
		},
		{
			"from": [6.46447, -0.03553, -1.8],
			"to": [7.46447, 0.96447, -1.5],
			"rotation": {"angle": 45, "axis": "z", "origin": [4.46447, 2.96447, -11]},
			"faces": {
				"north": {"uv": [6.5, 9.25, 6.75, 9.5], "texture": "#0"},
				"east": {"uv": [7.5, 9.5, 7.625, 9.75], "texture": "#0"},
				"south": {"uv": [6.75, 9.25, 7, 9.5], "texture": "#0"},
				"west": {"uv": [9.5, 7.5, 9.625, 7.75], "texture": "#0"},
				"up": {"uv": [8, 9.625, 7.75, 9.5], "texture": "#0"},
				"down": {"uv": [9.75, 7.75, 9.5, 7.875], "texture": "#0"}
			}
		},
		{
			"from": [2.92893, 3.5, -2.5],
			"to": [3.92893, 4.5, -1.8],
			"rotation": {"angle": 45, "axis": "z", "origin": [0.92893, 6.5, -11.5]},
			"faces": {
				"north": {"uv": [7.25, 9.25, 7.5, 9.5], "texture": "#0"},
				"east": {"uv": [8, 9.5, 8.125, 9.75], "texture": "#0"},
				"south": {"uv": [9.25, 7.25, 9.5, 7.5], "texture": "#0"},
				"west": {"uv": [9.5, 8, 9.625, 8.25], "texture": "#0"},
				"up": {"uv": [8.5, 9.625, 8.25, 9.5], "texture": "#0"},
				"down": {"uv": [8.75, 9.5, 8.5, 9.625], "texture": "#0"}
			}
		},
		{
			"from": [6.15487, 5.98277, -1.5],
			"to": [12.15487, 6.98277, -1],
			"rotation": {"angle": 45, "axis": "z", "origin": [11.5744, 6.34733, -1.5]},
			"faces": {
				"north": {"uv": [8, 8, 9.5, 8.25], "texture": "#0"},
				"east": {"uv": [8.75, 9.5, 8.875, 9.75], "texture": "#0"},
				"south": {"uv": [0, 8.25, 1.5, 8.5], "texture": "#0"},
				"west": {"uv": [9, 9.5, 9.125, 9.75], "texture": "#0"},
				"up": {"uv": [10.25, 6.875, 8.75, 6.75], "texture": "#0"},
				"down": {"uv": [10.25, 7, 8.75, 7.125], "texture": "#0"}
			}
		},
		{
			"from": [5, 8.5, -1],
			"to": [6, 9.5, -0.5],
			"rotation": {"angle": 45, "axis": "z", "origin": [8, 6.5, -10]},
			"faces": {
				"north": {"uv": [7.5, 9.25, 7.75, 9.5], "texture": "#0"},
				"east": {"uv": [9.5, 9, 9.625, 9.25], "texture": "#0"},
				"south": {"uv": [9.25, 7.5, 9.5, 7.75], "texture": "#0"},
				"west": {"uv": [9.25, 9.5, 9.375, 9.75], "texture": "#0"},
				"up": {"uv": [9.75, 9.375, 9.5, 9.25], "texture": "#0"},
				"down": {"uv": [9.75, 9.5, 9.5, 9.625], "texture": "#0"}
			}
		},
		{
			"from": [6.15487, 5.98277, -2.5],
			"to": [11.15487, 6.98277, -2.2],
			"rotation": {"angle": 45, "axis": "z", "origin": [11.5744, 6.34733, -2.5]},
			"faces": {
				"north": {"uv": [8.75, 0.5, 10, 0.75], "texture": "#0"},
				"east": {"uv": [0, 9.75, 0.125, 10], "texture": "#0"},
				"south": {"uv": [8.75, 0.75, 10, 1], "texture": "#0"},
				"west": {"uv": [9.75, 0, 9.875, 0.25], "texture": "#0"},
				"up": {"uv": [10.5, 1.625, 9.25, 1.5], "texture": "#0"},
				"down": {"uv": [10.5, 1.75, 9.25, 1.875], "texture": "#0"}
			}
		},
		{
			"from": [4.26777, 10.26777, -1.3],
			"to": [10.26777, 11.26777, -1],
			"rotation": {"angle": 45, "axis": "z", "origin": [9.76777, 8.26777, -10.5]},
			"faces": {
				"north": {"uv": [8.25, 0, 9.75, 0.25], "texture": "#0"},
				"east": {"uv": [0.25, 9.75, 0.375, 10], "texture": "#0"},
				"south": {"uv": [8.25, 0.25, 9.75, 0.5], "texture": "#0"},
				"west": {"uv": [9.75, 0.25, 9.875, 0.5], "texture": "#0"},
				"up": {"uv": [10, 8.875, 8.5, 8.75], "texture": "#0"},
				"down": {"uv": [1.5, 9, 0, 9.125], "texture": "#0"}
			}
		},
		{
			"from": [4.26777, 6.73223, -2.5],
			"to": [9.26777, 7.73223, -2.2],
			"rotation": {"angle": -45, "axis": "z", "origin": [9.76777, 4.73223, -11.5]},
			"faces": {
				"north": {"uv": [8.75, 1, 10, 1.25], "texture": "#0"},
				"east": {"uv": [0.5, 9.75, 0.625, 10], "texture": "#0"},
				"south": {"uv": [8.75, 1.25, 10, 1.5], "texture": "#0"},
				"west": {"uv": [0.75, 9.75, 0.875, 10], "texture": "#0"},
				"up": {"uv": [10.5, 2.125, 9.25, 2], "texture": "#0"},
				"down": {"uv": [10.5, 2.25, 9.25, 2.375], "texture": "#0"}
			}
		},
		{
			"from": [0.73223, 3.1967, -1.8],
			"to": [5.73223, 4.1967, -1.5],
			"rotation": {"angle": -45, "axis": "z", "origin": [6.23223, 1.1967, -11]},
			"faces": {
				"north": {"uv": [8.75, 5, 10, 5.25], "texture": "#0"},
				"east": {"uv": [1, 9.75, 1.125, 10], "texture": "#0"},
				"south": {"uv": [8.75, 5.25, 10, 5.5], "texture": "#0"},
				"west": {"uv": [1.25, 9.75, 1.375, 10], "texture": "#0"},
				"up": {"uv": [10.5, 2.625, 9.25, 2.5], "texture": "#0"},
				"down": {"uv": [10.5, 2.75, 9.25, 2.875], "texture": "#0"}
			}
		},
		{
			"from": [1.73223, 3.1967, -2.5],
			"to": [5.73223, 4.1967, -2.2],
			"rotation": {"angle": -45, "axis": "z", "origin": [6.23223, 1.1967, -11.5]},
			"faces": {
				"north": {"uv": [8.75, 5.5, 9.75, 5.75], "texture": "#0"},
				"east": {"uv": [1.5, 9.75, 1.625, 10], "texture": "#0"},
				"south": {"uv": [8.75, 5.75, 9.75, 6], "texture": "#0"},
				"west": {"uv": [1.75, 9.75, 1.875, 10], "texture": "#0"},
				"up": {"uv": [10.25, 3.125, 9.25, 3], "texture": "#0"},
				"down": {"uv": [10.25, 3.25, 9.25, 3.375], "texture": "#0"}
			}
		},
		{
			"from": [10.96838, 5.77663, 10.4],
			"to": [12.26838, 7.27663, 16],
			"rotation": {"angle": 0, "axis": "y", "origin": [8.06838, 5.87663, 1]},
			"faces": {
				"north": {"uv": [4.75, 9.25, 5.0625, 9.625], "texture": "#0"},
				"east": {"uv": [7.75, 2.5, 9.15625, 2.875], "texture": "#0"},
				"south": {"uv": [5.25, 9.25, 5.5625, 9.625], "texture": "#0"},
				"west": {"uv": [7.75, 3, 9.15625, 3.375], "texture": "#0"},
				"up": {"uv": [6.3125, 9.15625, 6, 7.75], "texture": "#0"},
				"down": {"uv": [6.8125, 7.75, 6.5, 9.15625], "texture": "#0"}
			}
		},
		{
			"from": [10.96838, 5.57663, 11.4],
			"to": [12.46838, 7.47663, 15.1],
			"rotation": {"angle": 0, "axis": "y", "origin": [8.06838, 5.87663, 1]},
			"faces": {
				"north": {"uv": [0, 9.25, 0.375, 9.71875], "texture": "#0"},
				"east": {"uv": [7.75, 5.5, 8.6875, 5.96875], "texture": "#0"},
				"south": {"uv": [0.5, 9.25, 0.875, 9.71875], "texture": "#0"},
				"west": {"uv": [7.75, 6.75, 8.6875, 7.21875], "texture": "#0"},
				"up": {"uv": [5.875, 9.1875, 5.5, 8.25], "texture": "#0"},
				"down": {"uv": [8.375, 8.25, 8, 9.1875], "texture": "#0"}
			}
		},
		{
			"from": [5.5, 4, 1.5],
			"to": [10.5, 9, 9.5],
			"rotation": {"angle": 0, "axis": "y", "origin": [7, 6, -5.5]},
			"faces": {
				"north": {"uv": [0, 7, 1.25, 8.25], "texture": "#0"},
				"east": {"uv": [0, 0, 2, 1.25], "texture": "#0"},
				"south": {"uv": [1.25, 7, 2.5, 8.25], "texture": "#0"},
				"west": {"uv": [0, 1.25, 2, 2.5], "texture": "#0"},
				"up": {"uv": [3.25, 2, 2, 0], "texture": "#0"},
				"down": {"uv": [3.25, 2, 2, 4], "texture": "#0"}
			}
		},
		{
			"from": [5.2, 3.7, 8],
			"to": [10.8, 9.4, 9],
			"rotation": {"angle": 0, "axis": "y", "origin": [7, 6, 1]},
			"faces": {
				"north": {"uv": [6.25, 3, 7.65625, 4.4375], "texture": "#0"},
				"east": {"uv": [3.5, 8.25, 3.75, 9.6875], "texture": "#0"},
				"south": {"uv": [6.25, 4.5, 7.65625, 5.9375], "texture": "#0"},
				"west": {"uv": [8.25, 3.5, 8.5, 4.9375], "texture": "#0"},
				"up": {"uv": [9.90625, 5, 8.5, 4.75], "texture": "#0"},
				"down": {"uv": [9.90625, 8.25, 8.5, 8.5], "texture": "#0"}
			}
		},
		{
			"from": [5.2, 3.7, 6.5],
			"to": [10.8, 9.4, 7.5],
			"rotation": {"angle": 0, "axis": "y", "origin": [7, 6, -0.5]},
			"faces": {
				"north": {"uv": [6.5, 0, 7.90625, 1.4375], "texture": "#0"},
				"east": {"uv": [3.75, 8.25, 4, 9.6875], "texture": "#0"},
				"south": {"uv": [3, 6.5, 4.40625, 7.9375], "texture": "#0"},
				"west": {"uv": [4, 8.25, 4.25, 9.6875], "texture": "#0"},
				"up": {"uv": [9.90625, 8.75, 8.5, 8.5], "texture": "#0"},
				"down": {"uv": [1.40625, 8.75, 0, 9], "texture": "#0"}
			}
		},
		{
			"from": [5.2, 3.7, 5],
			"to": [10.8, 9.4, 6],
			"rotation": {"angle": 0, "axis": "y", "origin": [7, 6, -2]},
			"faces": {
				"north": {"uv": [6, 6, 7.40625, 7.4375], "texture": "#0"},
				"east": {"uv": [3, 8.25, 3.25, 9.6875], "texture": "#0"},
				"south": {"uv": [6.25, 1.5, 7.65625, 2.9375], "texture": "#0"},
				"west": {"uv": [3.25, 8.25, 3.5, 9.6875], "texture": "#0"},
				"up": {"uv": [9.90625, 4.5, 8.5, 4.25], "texture": "#0"},
				"down": {"uv": [9.90625, 4.5, 8.5, 4.75], "texture": "#0"}
			}
		},
		{
			"from": [5.2, 3.7, 3.5],
			"to": [10.8, 9.4, 4.5],
			"rotation": {"angle": 0, "axis": "y", "origin": [7, 6, -3.5]},
			"faces": {
				"north": {"uv": [1.5, 5.5, 2.90625, 6.9375], "texture": "#0"},
				"east": {"uv": [2, 8.25, 2.25, 9.6875], "texture": "#0"},
				"south": {"uv": [4.5, 6, 5.90625, 7.4375], "texture": "#0"},
				"west": {"uv": [2.25, 8.25, 2.5, 9.6875], "texture": "#0"},
				"up": {"uv": [9.90625, 4, 8.5, 3.75], "texture": "#0"},
				"down": {"uv": [9.90625, 4, 8.5, 4.25], "texture": "#0"}
			}
		},
		{
			"from": [5.2, 3.7, 2],
			"to": [10.8, 9.4, 3],
			"rotation": {"angle": 0, "axis": "y", "origin": [7, 6, -5]},
			"faces": {
				"north": {"uv": [3, 5, 4.40625, 6.4375], "texture": "#0"},
				"east": {"uv": [1.5, 8.25, 1.75, 9.6875], "texture": "#0"},
				"south": {"uv": [0, 5.5, 1.40625, 6.9375], "texture": "#0"},
				"west": {"uv": [1.75, 8.25, 2, 9.6875], "texture": "#0"},
				"up": {"uv": [1.40625, 8.75, 0, 8.5], "texture": "#0"},
				"down": {"uv": [9.90625, 3.5, 8.5, 3.75], "texture": "#0"}
			}
		}
	],
	"display": {
		"firstperson_righthand": {
			"translation": [0, 0.25, 0]
		},
		"gui": {
			"rotation": [-122, -48.25, -180],
			"translation": [-0.5, 0.5, 0]
		}
	},
	"groups": [
		{
			"name": "zero_point_builder",
			"origin": [8, 8, 8],
			"color": 0,
			"children": [0, 1, 2, 3, 4, 5, 6, 7, 8, 9, 10, 11, 12, 13, 14, 15, 16, 17, 18, 19, 20, 21, 22]
		},
		{
			"name": "coil",
			"origin": [7, 6, 1],
			"color": 0,
			"children": [23, 24, 25, 26, 27]
		}
	]
}