{
	"format_version": "1.21.6",
	"credit": "Made with Blockbench",
	"textures": {
		"1": "vantage:item/props/railing/yellow_railing",
		"particle": "railings"
	},
	"elements": [
		{
			"from": [-0.25, 14.5, 7.25],
			"to": [16.25, 16, 8.75],
			"rotation": {"angle": 0, "axis": "y", "origin": [7, 6.5, 7]},
			"faces": {
				"north": {"uv": [0, 0, 2, 16], "rotation": 90, "texture": "#1"},
				"east": {"uv": [2, 0, 4, 2], "texture": "#1"},
				"south": {"uv": [4, 0, 6, 16], "rotation": 90, "texture": "#1"},
				"west": {"uv": [2, 0, 4, 2], "texture": "#1"},
				"up": {"uv": [6, 0, 8, 16], "rotation": 90, "texture": "#1"},
				"down": {"uv": [8, 0, 10, 16], "rotation": 90, "texture": "#1"}
			}
		},
		{
			"from": [-0.25, 9.5, 7.25],
			"to": [16.25, 11, 8.75],
			"rotation": {"angle": 0, "axis": "y", "origin": [7, 1.5, 7]},
			"faces": {
				"north": {"uv": [0, 0, 2, 16], "rotation": 90, "texture": "#1"},
				"east": {"uv": [2, 0, 4, 2], "texture": "#1"},
				"south": {"uv": [4, 0, 6, 16], "rotation": 90, "texture": "#1"},
				"west": {"uv": [2, 0, 4, 2], "texture": "#1"},
				"up": {"uv": [6, 0, 8, 16], "rotation": 90, "texture": "#1"},
				"down": {"uv": [8, 0, 10, 16], "rotation": 90, "texture": "#1"}
			}
		},
		{
			"from": [-0.25, 3.5, 7],
			"to": [16.25, 5.5, 9],
			"rotation": {"angle": 0, "axis": "y", "origin": [7, -4.25, 7]},
			"faces": {
				"north": {"uv": [0, 0, 2, 16], "rotation": 90, "texture": "#1"},
				"east": {"uv": [2, 0, 4, 2], "texture": "#1"},
				"south": {"uv": [4, 0, 6, 16], "rotation": 90, "texture": "#1"},
				"west": {"uv": [2, 0, 4, 2], "texture": "#1"},
				"up": {"uv": [6, 0, 8, 16], "rotation": 90, "texture": "#1"},
				"down": {"uv": [8, 0, 10, 16], "rotation": 90, "texture": "#1"}
			}
		},
		{
			"from": [14.75, 4.5, 6.75],
			"to": [17.25, 17.5, 9.25],
			"rotation": {"angle": 0, "axis": "y", "origin": [15, 7.5, 7]},
			"faces": {
				"north": {"uv": [13, 0, 16, 13], "texture": "#1"},
				"east": {"uv": [13, 0, 16, 13], "texture": "#1"},
				"south": {"uv": [13, 0, 16, 13], "texture": "#1"},
				"west": {"uv": [13, 0, 16, 13], "texture": "#1"},
				"up": {"uv": [13, 13, 16, 16], "texture": "#1"},
				"down": {"uv": [13, 13, 16, 16], "texture": "#1"}
			}
		},
		{
			"from": [14.5, 0, 6.5],
			"to": [17.5, 6, 9.5],
			"rotation": {"angle": 0, "axis": "y", "origin": [15, 0, 7]},
			"faces": {
				"north": {"uv": [13, 9, 16, 16], "texture": "#1"},
				"east": {"uv": [13, 9, 16, 16], "texture": "#1"},
				"south": {"uv": [13, 9, 16, 16], "texture": "#1"},
				"west": {"uv": [13, 9, 16, 16], "texture": "#1"},
				"up": {"uv": [13, 6, 16, 9], "texture": "#1"},
				"down": {"uv": [13, 6, 16, 9], "texture": "#1"}
			}
		}
	],
	"display": {
		"gui": {
			"rotation": [13, -24, 0],
			"scale": [0.74, 0.73, 0.75]
		}
	}
}