{
	"format_version": "1.21.6",
	"credit": "Made with Blockbench",
	"textures": {
		"1": "vantage:item/props/railing/yellow_railing",
		"particle": "railings"
	},
	"elements": [
		{
			"from": [6.5, 0, 6.5],
			"to": [9.5, 6, 9.5],
			"rotation": {"angle": 0, "axis": "y", "origin": [7, 0, 7]},
			"faces": {
				"north": {"uv": [13, 9, 16, 16], "texture": "#1"},
				"east": {"uv": [13, 9, 16, 16], "texture": "#1"},
				"south": {"uv": [13, 9, 16, 16], "texture": "#1"},
				"west": {"uv": [13, 9, 16, 16], "texture": "#1"},
				"up": {"uv": [13, 6, 16, 9], "texture": "#1"},
				"down": {"uv": [13, 6, 16, 9], "texture": "#1"}
			}
		},
		{
			"from": [6.75, 4.5, 6.75],
			"to": [9.25, 17.5, 9.25],
			"rotation": {"angle": 0, "axis": "y", "origin": [7, 7.5, 7]},
			"faces": {
				"north": {"uv": [13, 0, 16, 13], "texture": "#1"},
				"east": {"uv": [13, 0, 16, 13], "texture": "#1"},
				"south": {"uv": [13, 0, 16, 13], "texture": "#1"},
				"west": {"uv": [13, 0, 16, 13], "texture": "#1"},
				"up": {"uv": [13, 13, 16, 16], "texture": "#1"},
				"down": {"uv": [13, 13, 16, 16], "texture": "#1"}
			}
		}
	],
	"display": {
		"gui": {
			"rotation": [13, -24, 0],
			"scale": [0.74, 0.73, 0.75]
		}
	}
}