{
	"format_version": "1.21.6",
	"credit": "Made with Blockbench",
	"textures": {
		"0": "vantage:item/props/lights/red_warning_light",
		"particle": "vantage:item/props/lights/red_warning_light"
	},
	"elements": [
		{
			"from": [6, 8, 6],
			"to": [10, 10, 10],
			"faces": {
				"north": {"uv": [0, 0, 4, 2], "texture": "#0"},
				"east": {"uv": [4, 2, 8, 4], "texture": "#0"},
				"south": {"uv": [0, 2, 4, 4], "texture": "#0"},
				"west": {"uv": [4, 0, 8, 2], "texture": "#0"},
				"up": {"uv": [8, 0, 12, 4], "texture": "#0"},
				"down": {"uv": [12, 0, 16, 4], "texture": "#0"}
			}
		},
		{
			"from": [6.75, 5, 6.75],
			"to": [9.25, 8, 9.25],
			"rotation": {"angle": 0, "axis": "y", "origin": [0, -2, 0]},
			"faces": {
				"north": {"uv": [0, 4, 8, 16], "texture": "#0"},
				"east": {"uv": [0, 4, 8, 16], "texture": "#0"},
				"south": {"uv": [0, 4, 8, 16], "texture": "#0"},
				"west": {"uv": [0, 4, 8, 16], "texture": "#0"},
				"down": {"uv": [0, 4, 8, 12], "texture": "#0"}
			}
		},
		{
			"from": [7.25, 6, 7.25],
			"to": [8.75, 8, 8.75],
			"rotation": {"angle": 22.5, "axis": "y", "origin": [8, 7, 8]},
			"faces": {
				"north": {"uv": [0, 0, 4, 4], "texture": "#0"},
				"east": {"uv": [12, 0, 16, 4], "texture": "#0"},
				"south": {"uv": [4, 0, 8, 4], "texture": "#0"},
				"west": {"uv": [8, 4, 16, 16], "texture": "#0"},
				"down": {"uv": [8, 0, 12, 4], "texture": "#0"}
			}
		}
	]
}