{
	"format_version": "1.21.6",
	"credit": "Made with Blockbench",
	"texture_size": [64, 64],
	"textures": {
		"3": "vantage:item/props/shelf/shelf",
		"particle": "block/stripped_spruce_log_top"
	},
	"elements": [
		{
			"from": [2, 7.5, 0],
			"to": [14, 8.5, 32],
			"rotation": {"angle": 0, "axis": "y", "origin": [2, 7.5, 28]},
			"faces": {
				"north": {"uv": [8.5, 1, 11.5, 1.25], "texture": "#3", "cullface": "north"},
				"south": {"uv": [8.5, 1.25, 11.5, 1.5], "texture": "#3", "cullface": "south"},
				"up": {"uv": [3, 8, 0, 0], "texture": "#3"},
				"down": {"uv": [6, 0, 3, 8], "texture": "#3"}
			}
		},
		{
			"from": [0, 7.5, 2],
			"to": [2, 8.5, 30],
			"rotation": {"angle": 0, "axis": "y", "origin": [0, 7.5, 28]},
			"faces": {
				"west": {"uv": [8.5, 0.25, 15.5, 0.5], "texture": "#3", "cullface": "west"},
				"up": {"uv": [6, 15, 5.5, 8], "texture": "#3"},
				"down": {"uv": [6.5, 8, 6, 15], "texture": "#3"}
			}
		},
		{
			"from": [14, 7.5, 2],
			"to": [16, 8.5, 30],
			"rotation": {"angle": 0, "axis": "y", "origin": [14, 7.5, 28]},
			"faces": {
				"east": {"uv": [8.5, 0.5, 15.5, 0.75], "texture": "#3", "cullface": "east"},
				"up": {"uv": [7, 15, 6.5, 8], "texture": "#3"},
				"down": {"uv": [7.5, 8, 7, 15], "texture": "#3"}
			}
		},
		{
			"from": [2, 15, 0],
			"to": [14, 16, 32],
			"rotation": {"angle": 0, "axis": "y", "origin": [2, 15, 28]},
			"faces": {
				"north": {"uv": [8.5, 1, 11.5, 1.25], "texture": "#3", "cullface": "north"},
				"south": {"uv": [8.5, 1.25, 11.5, 1.5], "texture": "#3", "cullface": "south"},
				"up": {"uv": [3, 8, 0, 0], "texture": "#3", "cullface": "up"},
				"down": {"uv": [6, 0, 3, 8], "texture": "#3"}
			}
		},
		{
			"from": [0, 15, 2],
			"to": [2, 16, 30],
			"rotation": {"angle": 0, "axis": "y", "origin": [0, 15, 28]},
			"faces": {
				"west": {"uv": [8.5, 0.25, 15.5, 0.5], "texture": "#3", "cullface": "west"},
				"up": {"uv": [6, 15, 5.5, 8], "texture": "#3", "cullface": "up"},
				"down": {"uv": [6.5, 8, 6, 15], "texture": "#3"}
			}
		},
		{
			"from": [14, 15, 2],
			"to": [16, 16, 30],
			"rotation": {"angle": 0, "axis": "y", "origin": [14, 15, 28]},
			"faces": {
				"east": {"uv": [8.5, 0.5, 15.5, 0.75], "texture": "#3", "cullface": "east"},
				"up": {"uv": [7, 15, 6.5, 8], "texture": "#3", "cullface": "up"},
				"down": {"uv": [7.5, 8, 7, 15], "texture": "#3"}
			}
		},
		{
			"from": [2, 22.5, 0],
			"to": [14, 23.5, 32],
			"rotation": {"angle": 0, "axis": "y", "origin": [2, 22.5, 28]},
			"faces": {
				"north": {"uv": [8.5, 1, 11.5, 1.25], "texture": "#3", "cullface": "north"},
				"south": {"uv": [8.5, 1.25, 11.5, 1.5], "texture": "#3", "cullface": "up"},
				"up": {"uv": [3, 8, 0, 0], "texture": "#3", "cullface": "up"},
				"down": {"uv": [6, 0, 3, 8], "texture": "#3", "cullface": "up"}
			}
		},
		{
			"from": [0, 22.5, 2],
			"to": [2, 23.5, 30],
			"rotation": {"angle": 0, "axis": "y", "origin": [0, 22.5, 28]},
			"faces": {
				"west": {"uv": [8.5, 0.25, 15.5, 0.5], "texture": "#3", "cullface": "west"},
				"up": {"uv": [6, 15, 5.5, 8], "texture": "#3", "cullface": "up"},
				"down": {"uv": [6.5, 8, 6, 15], "texture": "#3", "cullface": "up"}
			}
		},
		{
			"from": [14, 22.5, 2],
			"to": [16, 23.5, 30],
			"rotation": {"angle": 0, "axis": "y", "origin": [14, 22.5, 28]},
			"faces": {
				"east": {"uv": [8.5, 0.5, 15.5, 0.75], "texture": "#3", "cullface": "east"},
				"up": {"uv": [7, 15, 6.5, 8], "texture": "#3", "cullface": "up"},
				"down": {"uv": [7.5, 8, 7, 15], "texture": "#3", "cullface": "up"}
			}
		},
		{
			"from": [2, 30, 0],
			"to": [14, 31, 32],
			"rotation": {"angle": 0, "axis": "y", "origin": [2, 30, 28]},
			"faces": {
				"north": {"uv": [8.5, 1, 11.5, 1.25], "texture": "#3", "cullface": "north"},
				"south": {"uv": [8.5, 1.25, 11.5, 1.5], "texture": "#3", "cullface": "up"},
				"up": {"uv": [3, 8, 0, 0], "texture": "#3", "cullface": "up"},
				"down": {"uv": [6, 0, 3, 8], "texture": "#3", "cullface": "up"}
			}
		},
		{
			"from": [0, 30, 2],
			"to": [2, 31, 30],
			"rotation": {"angle": 0, "axis": "y", "origin": [0, 30, 28]},
			"faces": {
				"west": {"uv": [8.5, 0.25, 15.5, 0.5], "texture": "#3", "cullface": "west"},
				"up": {"uv": [6, 15, 5.5, 8], "texture": "#3", "cullface": "up"},
				"down": {"uv": [6.5, 8, 6, 15], "texture": "#3", "cullface": "up"}
			}
		},
		{
			"from": [14, 30, 2],
			"to": [16, 31, 30],
			"rotation": {"angle": 0, "axis": "y", "origin": [14, 30, 28]},
			"faces": {
				"east": {"uv": [8.5, 0.5, 15.5, 0.75], "texture": "#3", "cullface": "east"},
				"up": {"uv": [7, 15, 6.5, 8], "texture": "#3", "cullface": "up"},
				"down": {"uv": [7.5, 8, 7, 15], "texture": "#3", "cullface": "up"}
			}
		},
		{
			"from": [0, 0, 0],
			"to": [2, 32, 2],
			"faces": {
				"north": {"uv": [6, 0, 6.5, 8], "texture": "#3", "cullface": "north"},
				"east": {"uv": [6.5, 0, 7, 8], "texture": "#3"},
				"south": {"uv": [7, 0, 7.5, 8], "texture": "#3"},
				"west": {"uv": [7.5, 0, 8, 8], "texture": "#3", "cullface": "west"},
				"up": {"uv": [9, 2, 8.5, 1.5], "texture": "#3", "cullface": "up"},
				"down": {"uv": [9, 2, 8.5, 2.5], "texture": "#3", "cullface": "down"}
			}
		},
		{
			"from": [0, 0, 30],
			"to": [2, 32, 32],
			"rotation": {"angle": 0, "axis": "y", "origin": [0, 0, 30]},
			"faces": {
				"north": {"uv": [0, 8, 0.5, 16], "texture": "#3", "cullface": "south"},
				"east": {"uv": [8, 0, 8.5, 8], "texture": "#3", "cullface": "south"},
				"south": {"uv": [0.5, 8, 1, 16], "texture": "#3", "cullface": "south"},
				"west": {"uv": [1, 8, 1.5, 16], "texture": "#3", "cullface": "west"},
				"up": {"uv": [9, 3, 8.5, 2.5], "texture": "#3", "cullface": "up"},
				"down": {"uv": [9, 3, 8.5, 3.5], "texture": "#3", "cullface": "down"}
			}
		},
		{
			"from": [14, 0, 30],
			"to": [16, 32, 32],
			"rotation": {"angle": 0, "axis": "y", "origin": [14, 0, 30]},
			"faces": {
				"north": {"uv": [1.5, 8, 2, 16], "texture": "#3", "cullface": "south"},
				"east": {"uv": [2, 8, 2.5, 16], "texture": "#3", "cullface": "east"},
				"south": {"uv": [2.5, 8, 3, 16], "texture": "#3", "cullface": "south"},
				"west": {"uv": [3, 8, 3.5, 16], "texture": "#3", "cullface": "south"},
				"up": {"uv": [9, 4, 8.5, 3.5], "texture": "#3", "cullface": "up"},
				"down": {"uv": [9, 4, 8.5, 4.5], "texture": "#3", "cullface": "down"}
			}
		},
		{
			"from": [14, 0, 0],
			"to": [16, 32, 2],
			"rotation": {"angle": 0, "axis": "y", "origin": [14, 0, 0]},
			"faces": {
				"north": {"uv": [3.5, 8, 4, 16], "texture": "#3", "cullface": "north"},
				"east": {"uv": [4, 8, 4.5, 16], "texture": "#3", "cullface": "east"},
				"south": {"uv": [4.5, 8, 5, 16], "texture": "#3"},
				"west": {"uv": [5, 8, 5.5, 16], "texture": "#3"},
				"up": {"uv": [9, 5, 8.5, 4.5], "texture": "#3", "cullface": "up"},
				"down": {"uv": [9, 5, 8.5, 5.5], "texture": "#3", "cullface": "down"}
			}
		}
	],
	"display": {},
	"groups": [
		{
			"name": "shelf",
			"origin": [8, 8, 8],
			"color": 0,
			"children": [
				{
					"name": "plate",
					"origin": [2, 0, 28],
					"color": 0,
					"children": [0, 1, 2]
				},
				{
					"name": "plate",
					"origin": [2, 0, 28],
					"color": 0,
					"children": [3, 4, 5]
				},
				{
					"name": "plate",
					"origin": [2, 0, 28],
					"color": 0,
					"children": [6, 7, 8]
				},
				{
					"name": "plate",
					"origin": [2, 0, 28],
					"color": 0,
					"children": [9, 10, 11]
				},
				{
					"name": "stand",
					"origin": [2, 0, 28],
					"color": 0,
					"children": [12, 13, 14, 15]
				}
			]
		}
	]
}